<?xml version="1.0" encoding="UTF-8"?>
<dense_cloud version="1.2.0">
  <tiles>
    <tile path="dense_cloud.oc3">
      <totalCount>3696217</totalCount>
      <validCount>1127059</validCount>
      <pointCount class="0">1127059</pointCount>
    </tile>
  </tiles>
  <params>
    <dataType>uint8</dataType>
    <bands>
      <band label="Red"/>
      <band label="Green"/>
      <band label="Blue"/>
    </bands>
  </params>
  <meta>
    <property name="dense_cloud/density" value="100"/>
    <property name="dense_cloud/depth_downscale" value="2"/>
    <property name="dense_cloud/depth_filter_mode" value="2"/>
    <property name="dense_cloud/duration" value="194.232"/>
    <property name="dense_cloud/resolution" value="0.00278975452621576"/>
    <property name="depth/duration" value="625.176"/>
  </meta>
</dense_cloud>
