<?xml version="1.0" encoding="UTF-8"?>
<dense_cloud version="1.2.0">
  <tiles>
    <tile path="dense_cloud.oc3">
      <totalCount>1069077</totalCount>
      <validCount>177630</validCount>
      <pointCount class="0">177630</pointCount>
    </tile>
  </tiles>
  <params>
    <dataType>uint8</dataType>
    <bands>
      <band label="Red"/>
      <band label="Green"/>
      <band label="Blue"/>
    </bands>
  </params>
  <meta>
    <property name="dense_cloud/density" value="100"/>
    <property name="dense_cloud/depth_downscale" value="4"/>
    <property name="dense_cloud/depth_filter_mode" value="1"/>
    <property name="dense_cloud/duration" value="24.257"/>
    <property name="dense_cloud/resolution" value="0.011454107785737"/>
    <property name="depth/duration" value="90.533"/>
  </meta>
</dense_cloud>
