<?xml version="1.0" encoding="UTF-8"?>
<masks version="1.2.0">
  <mask camera_id="0" path="c0.png"/>
  <mask camera_id="1" path="c1.png"/>
  <mask camera_id="2" path="c2.png"/>
  <mask camera_id="3" path="c3.png"/>
  <mask camera_id="18" path="c18.png"/>
  <mask camera_id="19" path="c19.png"/>
  <mask camera_id="20" path="c20.png"/>
  <mask camera_id="21" path="c21.png"/>
  <mask camera_id="22" path="c22.png"/>
  <mask camera_id="23" path="c23.png"/>
  <mask camera_id="24" path="c24.png"/>
</masks>
