<?xml version="1.0" encoding="UTF-8"?>
<point_cloud version="1.2.0">
  <params>
    <dataType>uint8</dataType>
    <bands>
      <band label="Red"/>
      <band label="Green"/>
      <band label="Blue"/>
    </bands>
  </params>
  <tracks path="tracks.ply" count="6165"/>
  <points path="points.ply" count="888"/>
  <projections camera_id="0" path="p0.ply" count="497"/>
  <projections camera_id="1" path="p1.ply" count="262"/>
  <projections camera_id="2" path="p2.ply" count="575"/>
  <projections camera_id="3" path="p3.ply" count="555"/>
  <projections camera_id="4" path="p4.ply" count="578"/>
  <projections camera_id="5" path="p5.ply" count="372"/>
  <projections camera_id="6" path="p6.ply" count="248"/>
  <projections camera_id="7" path="p7.ply" count="649"/>
  <projections camera_id="8" path="p8.ply" count="775"/>
  <projections camera_id="9" path="p9.ply" count="291"/>
  <projections camera_id="10" path="p10.ply" count="196"/>
  <projections camera_id="11" path="p11.ply" count="510"/>
  <projections camera_id="12" path="p12.ply" count="612"/>
  <projections camera_id="13" path="p13.ply" count="529"/>
  <projections camera_id="14" path="p14.ply" count="972"/>
  <projections camera_id="15" path="p15.ply" count="965"/>
  <projections camera_id="19" path="p19.ply" count="971"/>
  <projections camera_id="20" path="p20.ply" count="802"/>
  <projections camera_id="21" path="p21.ply" count="1147"/>
  <projections camera_id="22" path="p22.ply" count="800"/>
  <projections camera_id="23" path="p23.ply" count="1326"/>
  <projections camera_id="24" path="p24.ply" count="296"/>
  <projections camera_id="25" path="p25.ply" count="229"/>
  <projections camera_id="26" path="p26.ply" count="484"/>
  <projections camera_id="80" path="p80.ply" count="965"/>
  <projections camera_id="81" path="p81.ply" count="947"/>
  <projections camera_id="82" path="p82.ply" count="1011"/>
  <meta>
    <property name="match/duration" value="655.099"/>
    <property name="match/match_downscale" value="1"/>
    <property name="match/match_point_limit" value="8000"/>
    <property name="match/match_preselection_generic" value="false"/>
    <property name="match/match_tiepoint_limit" value="4000"/>
  </meta>
</point_cloud>
