<?xml version="1.0" encoding="UTF-8"?>
<frame>
  <cameras>
    <camera camera_id="0">
      <photo path="../../../IMG_20170323_122251.jpg">
        <meta>
          <property name="Exif/ApertureValue" value="2.52"/>
          <property name="Exif/DateTime" value="2017:03:23 12:22:51"/>
          <property name="Exif/DateTimeOriginal" value="2017:03:23 12:22:51"/>
          <property name="Exif/ExposureTime" value="0.005662769"/>
          <property name="Exif/FNumber" value="2.4"/>
          <property name="Exif/FocalLength" value="3.97"/>
          <property name="Exif/ISOSpeedRatings" value="100"/>
          <property name="Exif/Make" value="LGE"/>
          <property name="Exif/Model" value="Nexus 5"/>
          <property name="Exif/Orientation" value="1"/>
          <property name="Exif/ShutterSpeedValue" value="-7.46"/>
          <property name="File/ImageHeight" value="3264"/>
          <property name="File/ImageWidth" value="2448"/>
          <property name="System/FileModifyDate" value="2017:03:23 12:22:51"/>
          <property name="System/FileSize" value="2114670"/>
        </meta>
      </photo>
    </camera>
    <camera camera_id="1">
      <photo path="../../../IMG_20170323_122256.jpg">
        <meta>
          <property name="Exif/ApertureValue" value="2.52"/>
          <property name="Exif/DateTime" value="2017:03:23 12:22:56"/>
          <property name="Exif/DateTimeOriginal" value="2017:03:23 12:22:56"/>
          <property name="Exif/ExposureTime" value="0.007303384"/>
          <property name="Exif/FNumber" value="2.4"/>
          <property name="Exif/FocalLength" value="3.97"/>
          <property name="Exif/ISOSpeedRatings" value="101"/>
          <property name="Exif/Make" value="LGE"/>
          <property name="Exif/Model" value="Nexus 5"/>
          <property name="Exif/Orientation" value="1"/>
          <property name="Exif/ShutterSpeedValue" value="-7.09"/>
          <property name="File/ImageHeight" value="3264"/>
          <property name="File/ImageWidth" value="2448"/>
          <property name="System/FileModifyDate" value="2017:03:23 12:22:56"/>
          <property name="System/FileSize" value="2175435"/>
        </meta>
      </photo>
    </camera>
    <camera camera_id="2">
      <photo path="../../../IMG_20170323_122300.jpg">
        <meta>
          <property name="Exif/ApertureValue" value="2.52"/>
          <property name="Exif/DateTime" value="2017:03:23 12:23:00"/>
          <property name="Exif/DateTimeOriginal" value="2017:03:23 12:23:00"/>
          <property name="Exif/ExposureTime" value="0.006919692"/>
          <property name="Exif/FNumber" value="2.4"/>
          <property name="Exif/FocalLength" value="3.97"/>
          <property name="Exif/ISOSpeedRatings" value="100"/>
          <property name="Exif/Make" value="LGE"/>
          <property name="Exif/Model" value="Nexus 5"/>
          <property name="Exif/Orientation" value="1"/>
          <property name="Exif/ShutterSpeedValue" value="-7.17"/>
          <property name="File/ImageHeight" value="3264"/>
          <property name="File/ImageWidth" value="2448"/>
          <property name="System/FileModifyDate" value="2017:03:23 12:23:00"/>
          <property name="System/FileSize" value="2309920"/>
        </meta>
      </photo>
    </camera>
    <camera camera_id="3">
      <photo path="../../../IMG_20170323_122305.jpg">
        <meta>
          <property name="Exif/ApertureValue" value="2.52"/>
          <property name="Exif/DateTime" value="2017:03:23 12:23:05"/>
          <property name="Exif/DateTimeOriginal" value="2017:03:23 12:23:05"/>
          <property name="Exif/ExposureTime" value="0.007303384"/>
          <property name="Exif/FNumber" value="2.4"/>
          <property name="Exif/FocalLength" value="3.97"/>
          <property name="Exif/ISOSpeedRatings" value="101"/>
          <property name="Exif/Make" value="LGE"/>
          <property name="Exif/Model" value="Nexus 5"/>
          <property name="Exif/Orientation" value="1"/>
          <property name="Exif/ShutterSpeedValue" value="-7.09"/>
          <property name="File/ImageHeight" value="3264"/>
          <property name="File/ImageWidth" value="2448"/>
          <property name="System/FileModifyDate" value="2017:03:23 12:23:05"/>
          <property name="System/FileSize" value="2283934"/>
        </meta>
      </photo>
    </camera>
    <camera camera_id="4">
      <photo path="../../../IMG_20170323_122308.jpg">
        <meta>
          <property name="Exif/ApertureValue" value="2.52"/>
          <property name="Exif/DateTime" value="2017:03:23 12:23:09"/>
          <property name="Exif/DateTimeOriginal" value="2017:03:23 12:23:09"/>
          <property name="Exif/ExposureTime" value="0.007911999"/>
          <property name="Exif/FNumber" value="2.4"/>
          <property name="Exif/FocalLength" value="3.97"/>
          <property name="Exif/ISOSpeedRatings" value="101"/>
          <property name="Exif/Make" value="LGE"/>
          <property name="Exif/Model" value="Nexus 5"/>
          <property name="Exif/Orientation" value="1"/>
          <property name="Exif/ShutterSpeedValue" value="-6.98"/>
          <property name="File/ImageHeight" value="3264"/>
          <property name="File/ImageWidth" value="2448"/>
          <property name="System/FileModifyDate" value="2017:03:23 12:23:09"/>
          <property name="System/FileSize" value="2308061"/>
        </meta>
      </photo>
    </camera>
    <camera camera_id="5">
      <photo path="../../../IMG_20170323_122313.jpg">
        <meta>
          <property name="Exif/ApertureValue" value="2.52"/>
          <property name="Exif/DateTime" value="2017:03:23 12:23:13"/>
          <property name="Exif/DateTimeOriginal" value="2017:03:23 12:23:13"/>
          <property name="Exif/ExposureTime" value="0.008123692"/>
          <property name="Exif/FNumber" value="2.4"/>
          <property name="Exif/FocalLength" value="3.97"/>
          <property name="Exif/ISOSpeedRatings" value="102"/>
          <property name="Exif/Make" value="LGE"/>
          <property name="Exif/Model" value="Nexus 5"/>
          <property name="Exif/Orientation" value="1"/>
          <property name="Exif/ShutterSpeedValue" value="-6.94"/>
          <property name="File/ImageHeight" value="3264"/>
          <property name="File/ImageWidth" value="2448"/>
          <property name="System/FileModifyDate" value="2017:03:23 12:23:13"/>
          <property name="System/FileSize" value="2327800"/>
        </meta>
      </photo>
    </camera>
    <camera camera_id="6">
      <photo path="../../../IMG_20170323_122321.jpg">
        <meta>
          <property name="Exif/ApertureValue" value="2.52"/>
          <property name="Exif/DateTime" value="2017:03:23 12:23:21"/>
          <property name="Exif/DateTimeOriginal" value="2017:03:23 12:23:21"/>
          <property name="Exif/ExposureTime" value="0.008123692"/>
          <property name="Exif/FNumber" value="2.4"/>
          <property name="Exif/FocalLength" value="3.97"/>
          <property name="Exif/ISOSpeedRatings" value="102"/>
          <property name="Exif/Make" value="LGE"/>
          <property name="Exif/Model" value="Nexus 5"/>
          <property name="Exif/Orientation" value="1"/>
          <property name="Exif/ShutterSpeedValue" value="-6.94"/>
          <property name="File/ImageHeight" value="3264"/>
          <property name="File/ImageWidth" value="2448"/>
          <property name="System/FileModifyDate" value="2017:03:23 12:23:21"/>
          <property name="System/FileSize" value="2527745"/>
        </meta>
      </photo>
    </camera>
    <camera camera_id="7">
      <photo path="../../../IMG_20170323_122326.jpg">
        <meta>
          <property name="Exif/ApertureValue" value="2.52"/>
          <property name="Exif/DateTime" value="2017:03:23 12:23:26"/>
          <property name="Exif/DateTimeOriginal" value="2017:03:23 12:23:26"/>
          <property name="Exif/ExposureTime" value="0.007911999"/>
          <property name="Exif/FNumber" value="2.4"/>
          <property name="Exif/FocalLength" value="3.97"/>
          <property name="Exif/ISOSpeedRatings" value="101"/>
          <property name="Exif/Make" value="LGE"/>
          <property name="Exif/Model" value="Nexus 5"/>
          <property name="Exif/Orientation" value="1"/>
          <property name="Exif/ShutterSpeedValue" value="-6.98"/>
          <property name="File/ImageHeight" value="3264"/>
          <property name="File/ImageWidth" value="2448"/>
          <property name="System/FileModifyDate" value="2017:03:23 12:23:26"/>
          <property name="System/FileSize" value="2547444"/>
        </meta>
      </photo>
    </camera>
    <camera camera_id="8">
      <photo path="../../../IMG_20170323_122332.jpg">
        <meta>
          <property name="Exif/ApertureValue" value="2.52"/>
          <property name="Exif/DateTime" value="2017:03:23 12:23:32"/>
          <property name="Exif/DateTimeOriginal" value="2017:03:23 12:23:32"/>
          <property name="Exif/ExposureTime" value="0.007104923"/>
          <property name="Exif/FNumber" value="2.4"/>
          <property name="Exif/FocalLength" value="3.97"/>
          <property name="Exif/ISOSpeedRatings" value="100"/>
          <property name="Exif/Make" value="LGE"/>
          <property name="Exif/Model" value="Nexus 5"/>
          <property name="Exif/Orientation" value="1"/>
          <property name="Exif/ShutterSpeedValue" value="-7.13"/>
          <property name="File/ImageHeight" value="3264"/>
          <property name="File/ImageWidth" value="2448"/>
          <property name="System/FileModifyDate" value="2017:03:23 12:23:32"/>
          <property name="System/FileSize" value="2464606"/>
        </meta>
      </photo>
    </camera>
    <camera camera_id="9">
      <photo path="../../../IMG_20170323_122337.jpg">
        <meta>
          <property name="Exif/ApertureValue" value="2.52"/>
          <property name="Exif/DateTime" value="2017:03:23 12:23:37"/>
          <property name="Exif/DateTimeOriginal" value="2017:03:23 12:23:37"/>
          <property name="Exif/ExposureTime" value="0.006734461"/>
          <property name="Exif/FNumber" value="2.4"/>
          <property name="Exif/FocalLength" value="3.97"/>
          <property name="Exif/ISOSpeedRatings" value="100"/>
          <property name="Exif/Make" value="LGE"/>
          <property name="Exif/Model" value="Nexus 5"/>
          <property name="Exif/Orientation" value="1"/>
          <property name="Exif/ShutterSpeedValue" value="-7.21"/>
          <property name="File/ImageHeight" value="3264"/>
          <property name="File/ImageWidth" value="2448"/>
          <property name="System/FileModifyDate" value="2017:03:23 12:23:37"/>
          <property name="System/FileSize" value="2444612"/>
        </meta>
      </photo>
    </camera>
    <camera camera_id="10">
      <photo path="../../../IMG_20170323_122342.jpg">
        <meta>
          <property name="Exif/ApertureValue" value="2.52"/>
          <property name="Exif/DateTime" value="2017:03:23 12:23:42"/>
          <property name="Exif/DateTimeOriginal" value="2017:03:23 12:23:42"/>
          <property name="Exif/ExposureTime" value="0.006006769"/>
          <property name="Exif/FNumber" value="2.4"/>
          <property name="Exif/FocalLength" value="3.97"/>
          <property name="Exif/ISOSpeedRatings" value="100"/>
          <property name="Exif/Make" value="LGE"/>
          <property name="Exif/Model" value="Nexus 5"/>
          <property name="Exif/Orientation" value="1"/>
          <property name="Exif/ShutterSpeedValue" value="-7.37"/>
          <property name="File/ImageHeight" value="3264"/>
          <property name="File/ImageWidth" value="2448"/>
          <property name="System/FileModifyDate" value="2017:03:23 12:23:42"/>
          <property name="System/FileSize" value="1474702"/>
        </meta>
      </photo>
    </camera>
  </cameras>
  <masks path="masks/masks.zip"/>
  <thumbnails path="thumbnails/thumbnails.zip"/>
  <point_cloud path="point_cloud/point_cloud.zip"/>
  <dense_cloud path="dense_cloud/dense_cloud.zip"/>
</frame>
