<?xml version="1.0" encoding="UTF-8"?>
<model version="1.2.0">
  <mesh path="mesh.ply">
    <faceCount>60000</faceCount>
    <vertexCount>30136</vertexCount>
    <hasVertexColors>true</hasVertexColors>
    <hasUV>false</hasUV>
  </mesh>
  <meta>
    <property name="model/depth_downscale" value="4"/>
    <property name="model/depth_filter_mode" value="2"/>
    <property name="model/duration" value="11.671"/>
    <property name="model/mesh_face_count" value="60000"/>
    <property name="model/mesh_interpolation" value="1"/>
    <property name="model/mesh_object_type" value="0"/>
    <property name="model/mesh_source_data" value="1"/>
    <property name="model/resolution" value="0.00894378723955172"/>
  </meta>
</model>
