<?xml version="1.0" encoding="UTF-8"?>
<frame>
  <cameras>
    <camera camera_id="0">
      <photo path="../../../DSCN3276.JPG">
        <meta>
          <property name="Exif/DateTime" value="2017:04:03 15:12:26"/>
          <property name="Exif/DateTimeOriginal" value="2017:04:03 15:12:26"/>
          <property name="Exif/ExposureTime" value="0.004"/>
          <property name="Exif/FNumber" value="3.5"/>
          <property name="Exif/FocalLength" value="4.5"/>
          <property name="Exif/FocalLengthIn35mmFilm" value="25"/>
          <property name="Exif/ISOSpeedRatings" value="160"/>
          <property name="Exif/Make" value="NIKON"/>
          <property name="Exif/Model" value="COOLPIX S9100  "/>
          <property name="Exif/Orientation" value="1"/>
          <property name="Exif/Software" value="COOLPIX S9100V1.0              "/>
          <property name="File/ImageHeight" value="3000"/>
          <property name="File/ImageWidth" value="4000"/>
          <property name="System/FileModifyDate" value="2017:04:03 15:12:26"/>
          <property name="System/FileSize" value="2511910"/>
        </meta>
      </photo>
    </camera>
    <camera camera_id="1">
      <photo path="../../../DSCN3277.JPG">
        <meta>
          <property name="Exif/DateTime" value="2017:04:03 15:12:35"/>
          <property name="Exif/DateTimeOriginal" value="2017:04:03 15:12:35"/>
          <property name="Exif/ExposureTime" value="0.004"/>
          <property name="Exif/FNumber" value="3.5"/>
          <property name="Exif/FocalLength" value="4.5"/>
          <property name="Exif/FocalLengthIn35mmFilm" value="25"/>
          <property name="Exif/ISOSpeedRatings" value="160"/>
          <property name="Exif/Make" value="NIKON"/>
          <property name="Exif/Model" value="COOLPIX S9100  "/>
          <property name="Exif/Orientation" value="1"/>
          <property name="Exif/Software" value="COOLPIX S9100V1.0              "/>
          <property name="File/ImageHeight" value="3000"/>
          <property name="File/ImageWidth" value="4000"/>
          <property name="System/FileModifyDate" value="2017:04:03 15:12:34"/>
          <property name="System/FileSize" value="2746597"/>
        </meta>
      </photo>
    </camera>
    <camera camera_id="2">
      <photo path="../../../DSCN3278.JPG">
        <meta>
          <property name="Exif/DateTime" value="2017:04:03 15:12:47"/>
          <property name="Exif/DateTimeOriginal" value="2017:04:03 15:12:47"/>
          <property name="Exif/ExposureTime" value="0.004"/>
          <property name="Exif/FNumber" value="3.5"/>
          <property name="Exif/FocalLength" value="4.5"/>
          <property name="Exif/FocalLengthIn35mmFilm" value="25"/>
          <property name="Exif/ISOSpeedRatings" value="160"/>
          <property name="Exif/Make" value="NIKON"/>
          <property name="Exif/Model" value="COOLPIX S9100  "/>
          <property name="Exif/Orientation" value="1"/>
          <property name="Exif/Software" value="COOLPIX S9100V1.0              "/>
          <property name="File/ImageHeight" value="3000"/>
          <property name="File/ImageWidth" value="4000"/>
          <property name="System/FileModifyDate" value="2017:04:03 15:12:46"/>
          <property name="System/FileSize" value="2697611"/>
        </meta>
      </photo>
    </camera>
    <camera camera_id="3">
      <photo path="../../../DSCN3279.JPG">
        <meta>
          <property name="Exif/DateTime" value="2017:04:03 15:12:57"/>
          <property name="Exif/DateTimeOriginal" value="2017:04:03 15:12:57"/>
          <property name="Exif/ExposureTime" value="0.004"/>
          <property name="Exif/FNumber" value="3.5"/>
          <property name="Exif/FocalLength" value="4.5"/>
          <property name="Exif/FocalLengthIn35mmFilm" value="25"/>
          <property name="Exif/ISOSpeedRatings" value="160"/>
          <property name="Exif/Make" value="NIKON"/>
          <property name="Exif/Model" value="COOLPIX S9100  "/>
          <property name="Exif/Orientation" value="1"/>
          <property name="Exif/Software" value="COOLPIX S9100V1.0              "/>
          <property name="File/ImageHeight" value="3000"/>
          <property name="File/ImageWidth" value="4000"/>
          <property name="System/FileModifyDate" value="2017:04:03 15:12:56"/>
          <property name="System/FileSize" value="2529152"/>
        </meta>
      </photo>
    </camera>
    <camera camera_id="4">
      <photo path="../../../DSCN3280.JPG">
        <meta>
          <property name="Exif/DateTime" value="2017:04:03 15:13:19"/>
          <property name="Exif/DateTimeOriginal" value="2017:04:03 15:13:19"/>
          <property name="Exif/ExposureTime" value="0.005"/>
          <property name="Exif/FNumber" value="3.5"/>
          <property name="Exif/FocalLength" value="4.5"/>
          <property name="Exif/FocalLengthIn35mmFilm" value="25"/>
          <property name="Exif/ISOSpeedRatings" value="160"/>
          <property name="Exif/Make" value="NIKON"/>
          <property name="Exif/Model" value="COOLPIX S9100  "/>
          <property name="Exif/Orientation" value="1"/>
          <property name="Exif/Software" value="COOLPIX S9100V1.0              "/>
          <property name="File/ImageHeight" value="3000"/>
          <property name="File/ImageWidth" value="4000"/>
          <property name="System/FileModifyDate" value="2017:04:03 15:13:18"/>
          <property name="System/FileSize" value="2848087"/>
        </meta>
      </photo>
    </camera>
    <camera camera_id="5">
      <photo path="../../../DSCN3281.JPG">
        <meta>
          <property name="Exif/DateTime" value="2017:04:03 15:13:30"/>
          <property name="Exif/DateTimeOriginal" value="2017:04:03 15:13:30"/>
          <property name="Exif/ExposureTime" value="0.004"/>
          <property name="Exif/FNumber" value="3.5"/>
          <property name="Exif/FocalLength" value="4.5"/>
          <property name="Exif/FocalLengthIn35mmFilm" value="25"/>
          <property name="Exif/ISOSpeedRatings" value="180"/>
          <property name="Exif/Make" value="NIKON"/>
          <property name="Exif/Model" value="COOLPIX S9100  "/>
          <property name="Exif/Orientation" value="1"/>
          <property name="Exif/Software" value="COOLPIX S9100V1.0              "/>
          <property name="File/ImageHeight" value="3000"/>
          <property name="File/ImageWidth" value="4000"/>
          <property name="System/FileModifyDate" value="2017:04:03 15:13:30"/>
          <property name="System/FileSize" value="2649202"/>
        </meta>
      </photo>
    </camera>
    <camera camera_id="6">
      <photo path="../../../DSCN3282.JPG">
        <meta>
          <property name="Exif/DateTime" value="2017:04:03 15:13:42"/>
          <property name="Exif/DateTimeOriginal" value="2017:04:03 15:13:42"/>
          <property name="Exif/ExposureTime" value="0.005"/>
          <property name="Exif/FNumber" value="3.5"/>
          <property name="Exif/FocalLength" value="4.5"/>
          <property name="Exif/FocalLengthIn35mmFilm" value="25"/>
          <property name="Exif/ISOSpeedRatings" value="160"/>
          <property name="Exif/Make" value="NIKON"/>
          <property name="Exif/Model" value="COOLPIX S9100  "/>
          <property name="Exif/Orientation" value="1"/>
          <property name="Exif/Software" value="COOLPIX S9100V1.0              "/>
          <property name="File/ImageHeight" value="3000"/>
          <property name="File/ImageWidth" value="4000"/>
          <property name="System/FileModifyDate" value="2017:04:03 15:13:42"/>
          <property name="System/FileSize" value="2611519"/>
        </meta>
      </photo>
    </camera>
    <camera camera_id="7">
      <photo path="../../../DSCN3283.JPG">
        <meta>
          <property name="Exif/DateTime" value="2017:04:03 15:13:54"/>
          <property name="Exif/DateTimeOriginal" value="2017:04:03 15:13:54"/>
          <property name="Exif/ExposureTime" value="0.005"/>
          <property name="Exif/FNumber" value="3.5"/>
          <property name="Exif/FocalLength" value="4.5"/>
          <property name="Exif/FocalLengthIn35mmFilm" value="25"/>
          <property name="Exif/ISOSpeedRatings" value="160"/>
          <property name="Exif/Make" value="NIKON"/>
          <property name="Exif/Model" value="COOLPIX S9100  "/>
          <property name="Exif/Orientation" value="1"/>
          <property name="Exif/Software" value="COOLPIX S9100V1.0              "/>
          <property name="File/ImageHeight" value="3000"/>
          <property name="File/ImageWidth" value="4000"/>
          <property name="System/FileModifyDate" value="2017:04:03 15:13:54"/>
          <property name="System/FileSize" value="2794358"/>
        </meta>
      </photo>
    </camera>
    <camera camera_id="8">
      <photo path="../../../DSCN3284.JPG">
        <meta>
          <property name="Exif/DateTime" value="2017:04:03 15:14:08"/>
          <property name="Exif/DateTimeOriginal" value="2017:04:03 15:14:08"/>
          <property name="Exif/ExposureTime" value="0.005"/>
          <property name="Exif/FNumber" value="3.5"/>
          <property name="Exif/FocalLength" value="4.5"/>
          <property name="Exif/FocalLengthIn35mmFilm" value="25"/>
          <property name="Exif/ISOSpeedRatings" value="160"/>
          <property name="Exif/Make" value="NIKON"/>
          <property name="Exif/Model" value="COOLPIX S9100  "/>
          <property name="Exif/Orientation" value="1"/>
          <property name="Exif/Software" value="COOLPIX S9100V1.0              "/>
          <property name="File/ImageHeight" value="3000"/>
          <property name="File/ImageWidth" value="4000"/>
          <property name="System/FileModifyDate" value="2017:04:03 15:14:08"/>
          <property name="System/FileSize" value="2509114"/>
        </meta>
      </photo>
    </camera>
    <camera camera_id="9">
      <photo path="../../../DSCN3285.JPG">
        <meta>
          <property name="Exif/DateTime" value="2017:04:03 15:14:15"/>
          <property name="Exif/DateTimeOriginal" value="2017:04:03 15:14:15"/>
          <property name="Exif/ExposureTime" value="0.005"/>
          <property name="Exif/FNumber" value="3.5"/>
          <property name="Exif/FocalLength" value="4.5"/>
          <property name="Exif/FocalLengthIn35mmFilm" value="25"/>
          <property name="Exif/ISOSpeedRatings" value="160"/>
          <property name="Exif/Make" value="NIKON"/>
          <property name="Exif/Model" value="COOLPIX S9100  "/>
          <property name="Exif/Orientation" value="1"/>
          <property name="Exif/Software" value="COOLPIX S9100V1.0              "/>
          <property name="File/ImageHeight" value="3000"/>
          <property name="File/ImageWidth" value="4000"/>
          <property name="System/FileModifyDate" value="2017:04:03 15:14:14"/>
          <property name="System/FileSize" value="2611856"/>
        </meta>
      </photo>
    </camera>
    <camera camera_id="10">
      <photo path="../../../DSCN3286.JPG">
        <meta>
          <property name="Exif/DateTime" value="2017:04:03 15:14:24"/>
          <property name="Exif/DateTimeOriginal" value="2017:04:03 15:14:24"/>
          <property name="Exif/ExposureTime" value="0.005"/>
          <property name="Exif/FNumber" value="3.5"/>
          <property name="Exif/FocalLength" value="4.5"/>
          <property name="Exif/FocalLengthIn35mmFilm" value="25"/>
          <property name="Exif/ISOSpeedRatings" value="160"/>
          <property name="Exif/Make" value="NIKON"/>
          <property name="Exif/Model" value="COOLPIX S9100  "/>
          <property name="Exif/Orientation" value="1"/>
          <property name="Exif/Software" value="COOLPIX S9100V1.0              "/>
          <property name="File/ImageHeight" value="3000"/>
          <property name="File/ImageWidth" value="4000"/>
          <property name="System/FileModifyDate" value="2017:04:03 15:14:24"/>
          <property name="System/FileSize" value="2758370"/>
        </meta>
      </photo>
    </camera>
    <camera camera_id="11">
      <photo path="../../../DSCN3287.JPG">
        <meta>
          <property name="Exif/DateTime" value="2017:04:03 15:14:27"/>
          <property name="Exif/DateTimeOriginal" value="2017:04:03 15:14:27"/>
          <property name="Exif/ExposureTime" value="0.005"/>
          <property name="Exif/FNumber" value="3.5"/>
          <property name="Exif/FocalLength" value="4.5"/>
          <property name="Exif/FocalLengthIn35mmFilm" value="25"/>
          <property name="Exif/ISOSpeedRatings" value="160"/>
          <property name="Exif/Make" value="NIKON"/>
          <property name="Exif/Model" value="COOLPIX S9100  "/>
          <property name="Exif/Orientation" value="1"/>
          <property name="Exif/Software" value="COOLPIX S9100V1.0              "/>
          <property name="File/ImageHeight" value="3000"/>
          <property name="File/ImageWidth" value="4000"/>
          <property name="System/FileModifyDate" value="2017:04:03 15:14:26"/>
          <property name="System/FileSize" value="2547612"/>
        </meta>
      </photo>
    </camera>
    <camera camera_id="12">
      <photo path="../../../DSCN3288.JPG">
        <meta>
          <property name="Exif/DateTime" value="2017:04:03 15:14:33"/>
          <property name="Exif/DateTimeOriginal" value="2017:04:03 15:14:33"/>
          <property name="Exif/ExposureTime" value="0.004"/>
          <property name="Exif/FNumber" value="3.5"/>
          <property name="Exif/FocalLength" value="4.5"/>
          <property name="Exif/FocalLengthIn35mmFilm" value="25"/>
          <property name="Exif/ISOSpeedRatings" value="200"/>
          <property name="Exif/Make" value="NIKON"/>
          <property name="Exif/Model" value="COOLPIX S9100  "/>
          <property name="Exif/Orientation" value="1"/>
          <property name="Exif/Software" value="COOLPIX S9100V1.0              "/>
          <property name="File/ImageHeight" value="3000"/>
          <property name="File/ImageWidth" value="4000"/>
          <property name="System/FileModifyDate" value="2017:04:03 15:14:32"/>
          <property name="System/FileSize" value="2825482"/>
        </meta>
      </photo>
    </camera>
    <camera camera_id="13">
      <photo path="../../../DSCN3289.JPG">
        <meta>
          <property name="Exif/DateTime" value="2017:04:03 15:14:37"/>
          <property name="Exif/DateTimeOriginal" value="2017:04:03 15:14:37"/>
          <property name="Exif/ExposureTime" value="0.005"/>
          <property name="Exif/FNumber" value="3.5"/>
          <property name="Exif/FocalLength" value="4.5"/>
          <property name="Exif/FocalLengthIn35mmFilm" value="25"/>
          <property name="Exif/ISOSpeedRatings" value="160"/>
          <property name="Exif/Make" value="NIKON"/>
          <property name="Exif/Model" value="COOLPIX S9100  "/>
          <property name="Exif/Orientation" value="1"/>
          <property name="Exif/Software" value="COOLPIX S9100V1.0              "/>
          <property name="File/ImageHeight" value="3000"/>
          <property name="File/ImageWidth" value="4000"/>
          <property name="System/FileModifyDate" value="2017:04:03 15:14:36"/>
          <property name="System/FileSize" value="2586192"/>
        </meta>
      </photo>
    </camera>
    <camera camera_id="14">
      <photo path="../../../DSCN3290.JPG">
        <meta>
          <property name="Exif/DateTime" value="2017:04:03 15:14:45"/>
          <property name="Exif/DateTimeOriginal" value="2017:04:03 15:14:45"/>
          <property name="Exif/ExposureTime" value="0.004"/>
          <property name="Exif/FNumber" value="3.5"/>
          <property name="Exif/FocalLength" value="4.5"/>
          <property name="Exif/FocalLengthIn35mmFilm" value="25"/>
          <property name="Exif/ISOSpeedRatings" value="200"/>
          <property name="Exif/Make" value="NIKON"/>
          <property name="Exif/Model" value="COOLPIX S9100  "/>
          <property name="Exif/Orientation" value="1"/>
          <property name="Exif/Software" value="COOLPIX S9100V1.0              "/>
          <property name="File/ImageHeight" value="3000"/>
          <property name="File/ImageWidth" value="4000"/>
          <property name="System/FileModifyDate" value="2017:04:03 15:14:44"/>
          <property name="System/FileSize" value="2537222"/>
        </meta>
      </photo>
    </camera>
    <camera camera_id="15">
      <photo path="../../../DSCN3291.JPG">
        <meta>
          <property name="Exif/DateTime" value="2017:04:03 15:14:50"/>
          <property name="Exif/DateTimeOriginal" value="2017:04:03 15:14:50"/>
          <property name="Exif/ExposureTime" value="0.005"/>
          <property name="Exif/FNumber" value="3.5"/>
          <property name="Exif/FocalLength" value="4.5"/>
          <property name="Exif/FocalLengthIn35mmFilm" value="25"/>
          <property name="Exif/ISOSpeedRatings" value="160"/>
          <property name="Exif/Make" value="NIKON"/>
          <property name="Exif/Model" value="COOLPIX S9100  "/>
          <property name="Exif/Orientation" value="1"/>
          <property name="Exif/Software" value="COOLPIX S9100V1.0              "/>
          <property name="File/ImageHeight" value="3000"/>
          <property name="File/ImageWidth" value="4000"/>
          <property name="System/FileModifyDate" value="2017:04:03 15:14:50"/>
          <property name="System/FileSize" value="2464599"/>
        </meta>
      </photo>
    </camera>
    <camera camera_id="16">
      <photo path="../../../DSCN3292.JPG">
        <meta>
          <property name="Exif/DateTime" value="2017:04:03 15:14:59"/>
          <property name="Exif/DateTimeOriginal" value="2017:04:03 15:14:59"/>
          <property name="Exif/ExposureTime" value="0.004"/>
          <property name="Exif/FNumber" value="3.5"/>
          <property name="Exif/FocalLength" value="4.5"/>
          <property name="Exif/FocalLengthIn35mmFilm" value="25"/>
          <property name="Exif/ISOSpeedRatings" value="200"/>
          <property name="Exif/Make" value="NIKON"/>
          <property name="Exif/Model" value="COOLPIX S9100  "/>
          <property name="Exif/Orientation" value="1"/>
          <property name="Exif/Software" value="COOLPIX S9100V1.0              "/>
          <property name="File/ImageHeight" value="3000"/>
          <property name="File/ImageWidth" value="4000"/>
          <property name="System/FileModifyDate" value="2017:04:03 15:14:58"/>
          <property name="System/FileSize" value="2765185"/>
        </meta>
      </photo>
    </camera>
    <camera camera_id="17">
      <photo path="../../../DSCN3293.JPG">
        <meta>
          <property name="Exif/DateTime" value="2017:04:03 15:15:03"/>
          <property name="Exif/DateTimeOriginal" value="2017:04:03 15:15:03"/>
          <property name="Exif/ExposureTime" value="0.00625"/>
          <property name="Exif/FNumber" value="3.5"/>
          <property name="Exif/FocalLength" value="4.5"/>
          <property name="Exif/FocalLengthIn35mmFilm" value="25"/>
          <property name="Exif/ISOSpeedRatings" value="160"/>
          <property name="Exif/Make" value="NIKON"/>
          <property name="Exif/Model" value="COOLPIX S9100  "/>
          <property name="Exif/Orientation" value="1"/>
          <property name="Exif/Software" value="COOLPIX S9100V1.0              "/>
          <property name="File/ImageHeight" value="3000"/>
          <property name="File/ImageWidth" value="4000"/>
          <property name="System/FileModifyDate" value="2017:04:03 15:15:02"/>
          <property name="System/FileSize" value="2609897"/>
        </meta>
      </photo>
    </camera>
    <camera camera_id="18">
      <photo path="../../../DSCN3294.JPG">
        <meta>
          <property name="Exif/DateTime" value="2017:04:03 15:15:11"/>
          <property name="Exif/DateTimeOriginal" value="2017:04:03 15:15:11"/>
          <property name="Exif/ExposureTime" value="0.005"/>
          <property name="Exif/FNumber" value="3.5"/>
          <property name="Exif/FocalLength" value="4.5"/>
          <property name="Exif/FocalLengthIn35mmFilm" value="25"/>
          <property name="Exif/ISOSpeedRatings" value="160"/>
          <property name="Exif/Make" value="NIKON"/>
          <property name="Exif/Model" value="COOLPIX S9100  "/>
          <property name="Exif/Orientation" value="1"/>
          <property name="Exif/Software" value="COOLPIX S9100V1.0              "/>
          <property name="File/ImageHeight" value="3000"/>
          <property name="File/ImageWidth" value="4000"/>
          <property name="System/FileModifyDate" value="2017:04:03 15:15:10"/>
          <property name="System/FileSize" value="2785554"/>
        </meta>
      </photo>
    </camera>
    <camera camera_id="19">
      <photo path="../../../DSCN3295.JPG">
        <meta>
          <property name="Exif/DateTime" value="2017:04:03 15:15:15"/>
          <property name="Exif/DateTimeOriginal" value="2017:04:03 15:15:15"/>
          <property name="Exif/ExposureTime" value="0.005"/>
          <property name="Exif/FNumber" value="3.5"/>
          <property name="Exif/FocalLength" value="4.5"/>
          <property name="Exif/FocalLengthIn35mmFilm" value="25"/>
          <property name="Exif/ISOSpeedRatings" value="160"/>
          <property name="Exif/Make" value="NIKON"/>
          <property name="Exif/Model" value="COOLPIX S9100  "/>
          <property name="Exif/Orientation" value="1"/>
          <property name="Exif/Software" value="COOLPIX S9100V1.0              "/>
          <property name="File/ImageHeight" value="3000"/>
          <property name="File/ImageWidth" value="4000"/>
          <property name="System/FileModifyDate" value="2017:04:03 15:15:14"/>
          <property name="System/FileSize" value="2598499"/>
        </meta>
      </photo>
    </camera>
    <camera camera_id="20">
      <photo path="../../../DSCN3296.JPG">
        <meta>
          <property name="Exif/DateTime" value="2017:04:03 15:15:22"/>
          <property name="Exif/DateTimeOriginal" value="2017:04:03 15:15:22"/>
          <property name="Exif/ExposureTime" value="0.004"/>
          <property name="Exif/FNumber" value="3.5"/>
          <property name="Exif/FocalLength" value="4.5"/>
          <property name="Exif/FocalLengthIn35mmFilm" value="25"/>
          <property name="Exif/ISOSpeedRatings" value="160"/>
          <property name="Exif/Make" value="NIKON"/>
          <property name="Exif/Model" value="COOLPIX S9100  "/>
          <property name="Exif/Orientation" value="1"/>
          <property name="Exif/Software" value="COOLPIX S9100V1.0              "/>
          <property name="File/ImageHeight" value="3000"/>
          <property name="File/ImageWidth" value="4000"/>
          <property name="System/FileModifyDate" value="2017:04:03 15:15:22"/>
          <property name="System/FileSize" value="2618512"/>
        </meta>
      </photo>
    </camera>
    <camera camera_id="21">
      <photo path="../../../DSCN3297.JPG">
        <meta>
          <property name="Exif/DateTime" value="2017:04:03 15:15:25"/>
          <property name="Exif/DateTimeOriginal" value="2017:04:03 15:15:25"/>
          <property name="Exif/ExposureTime" value="0.004"/>
          <property name="Exif/FNumber" value="3.5"/>
          <property name="Exif/FocalLength" value="4.5"/>
          <property name="Exif/FocalLengthIn35mmFilm" value="25"/>
          <property name="Exif/ISOSpeedRatings" value="320"/>
          <property name="Exif/Make" value="NIKON"/>
          <property name="Exif/Model" value="COOLPIX S9100  "/>
          <property name="Exif/Orientation" value="1"/>
          <property name="Exif/Software" value="COOLPIX S9100V1.0              "/>
          <property name="File/ImageHeight" value="3000"/>
          <property name="File/ImageWidth" value="4000"/>
          <property name="System/FileModifyDate" value="2017:04:03 15:15:24"/>
          <property name="System/FileSize" value="2517725"/>
        </meta>
      </photo>
    </camera>
    <camera camera_id="22">
      <photo path="../../../DSCN3298.JPG">
        <meta>
          <property name="Exif/DateTime" value="2017:04:03 15:15:28"/>
          <property name="Exif/DateTimeOriginal" value="2017:04:03 15:15:28"/>
          <property name="Exif/ExposureTime" value="0.00625"/>
          <property name="Exif/FNumber" value="3.5"/>
          <property name="Exif/FocalLength" value="4.5"/>
          <property name="Exif/FocalLengthIn35mmFilm" value="25"/>
          <property name="Exif/ISOSpeedRatings" value="160"/>
          <property name="Exif/Make" value="NIKON"/>
          <property name="Exif/Model" value="COOLPIX S9100  "/>
          <property name="Exif/Orientation" value="1"/>
          <property name="Exif/Software" value="COOLPIX S9100V1.0              "/>
          <property name="File/ImageHeight" value="3000"/>
          <property name="File/ImageWidth" value="4000"/>
          <property name="System/FileModifyDate" value="2017:04:03 15:15:28"/>
          <property name="System/FileSize" value="2579795"/>
        </meta>
      </photo>
    </camera>
    <camera camera_id="23">
      <photo path="../../../DSCN3299.JPG">
        <meta>
          <property name="Exif/DateTime" value="2017:04:03 15:15:31"/>
          <property name="Exif/DateTimeOriginal" value="2017:04:03 15:15:31"/>
          <property name="Exif/ExposureTime" value="0.005"/>
          <property name="Exif/FNumber" value="3.5"/>
          <property name="Exif/FocalLength" value="4.5"/>
          <property name="Exif/FocalLengthIn35mmFilm" value="25"/>
          <property name="Exif/ISOSpeedRatings" value="160"/>
          <property name="Exif/Make" value="NIKON"/>
          <property name="Exif/Model" value="COOLPIX S9100  "/>
          <property name="Exif/Orientation" value="1"/>
          <property name="Exif/Software" value="COOLPIX S9100V1.0              "/>
          <property name="File/ImageHeight" value="3000"/>
          <property name="File/ImageWidth" value="4000"/>
          <property name="System/FileModifyDate" value="2017:04:03 15:15:30"/>
          <property name="System/FileSize" value="2566518"/>
        </meta>
      </photo>
    </camera>
    <camera camera_id="24">
      <photo path="../../../DSCN3300.JPG">
        <meta>
          <property name="Exif/DateTime" value="2017:04:03 15:15:41"/>
          <property name="Exif/DateTimeOriginal" value="2017:04:03 15:15:41"/>
          <property name="Exif/ExposureTime" value="0.003125"/>
          <property name="Exif/FNumber" value="3.5"/>
          <property name="Exif/FocalLength" value="4.5"/>
          <property name="Exif/FocalLengthIn35mmFilm" value="25"/>
          <property name="Exif/ISOSpeedRatings" value="160"/>
          <property name="Exif/Make" value="NIKON"/>
          <property name="Exif/Model" value="COOLPIX S9100  "/>
          <property name="Exif/Orientation" value="1"/>
          <property name="Exif/Software" value="COOLPIX S9100V1.0              "/>
          <property name="File/ImageHeight" value="3000"/>
          <property name="File/ImageWidth" value="4000"/>
          <property name="System/FileModifyDate" value="2017:04:03 15:15:40"/>
          <property name="System/FileSize" value="2616313"/>
        </meta>
      </photo>
    </camera>
    <camera camera_id="25">
      <photo path="../../../DSCN3301.JPG">
        <meta>
          <property name="Exif/DateTime" value="2017:04:03 15:15:45"/>
          <property name="Exif/DateTimeOriginal" value="2017:04:03 15:15:45"/>
          <property name="Exif/ExposureTime" value="0.004"/>
          <property name="Exif/FNumber" value="3.5"/>
          <property name="Exif/FocalLength" value="4.5"/>
          <property name="Exif/FocalLengthIn35mmFilm" value="25"/>
          <property name="Exif/ISOSpeedRatings" value="320"/>
          <property name="Exif/Make" value="NIKON"/>
          <property name="Exif/Model" value="COOLPIX S9100  "/>
          <property name="Exif/Orientation" value="1"/>
          <property name="Exif/Software" value="COOLPIX S9100V1.0              "/>
          <property name="File/ImageHeight" value="3000"/>
          <property name="File/ImageWidth" value="4000"/>
          <property name="System/FileModifyDate" value="2017:04:03 15:15:44"/>
          <property name="System/FileSize" value="2598375"/>
        </meta>
      </photo>
    </camera>
    <camera camera_id="26">
      <photo path="../../../DSCN3302.JPG">
        <meta>
          <property name="Exif/DateTime" value="2017:04:03 15:15:48"/>
          <property name="Exif/DateTimeOriginal" value="2017:04:03 15:15:48"/>
          <property name="Exif/ExposureTime" value="0.004"/>
          <property name="Exif/FNumber" value="3.5"/>
          <property name="Exif/FocalLength" value="4.5"/>
          <property name="Exif/FocalLengthIn35mmFilm" value="25"/>
          <property name="Exif/ISOSpeedRatings" value="200"/>
          <property name="Exif/Make" value="NIKON"/>
          <property name="Exif/Model" value="COOLPIX S9100  "/>
          <property name="Exif/Orientation" value="1"/>
          <property name="Exif/Software" value="COOLPIX S9100V1.0              "/>
          <property name="File/ImageHeight" value="3000"/>
          <property name="File/ImageWidth" value="4000"/>
          <property name="System/FileModifyDate" value="2017:04:03 15:15:48"/>
          <property name="System/FileSize" value="2668583"/>
        </meta>
      </photo>
    </camera>
    <camera camera_id="27">
      <photo path="../../../DSCN3303.JPG">
        <meta>
          <property name="Exif/DateTime" value="2017:04:03 15:16:07"/>
          <property name="Exif/DateTimeOriginal" value="2017:04:03 15:16:07"/>
          <property name="Exif/ExposureTime" value="0.005"/>
          <property name="Exif/FNumber" value="3.5"/>
          <property name="Exif/FocalLength" value="4.5"/>
          <property name="Exif/FocalLengthIn35mmFilm" value="25"/>
          <property name="Exif/ISOSpeedRatings" value="160"/>
          <property name="Exif/Make" value="NIKON"/>
          <property name="Exif/Model" value="COOLPIX S9100  "/>
          <property name="Exif/Orientation" value="1"/>
          <property name="Exif/Software" value="COOLPIX S9100V1.0              "/>
          <property name="File/ImageHeight" value="3000"/>
          <property name="File/ImageWidth" value="4000"/>
          <property name="System/FileModifyDate" value="2017:04:03 15:16:06"/>
          <property name="System/FileSize" value="2610683"/>
        </meta>
      </photo>
    </camera>
    <camera camera_id="28">
      <photo path="../../../DSCN3304.JPG">
        <meta>
          <property name="Exif/DateTime" value="2017:04:03 15:16:14"/>
          <property name="Exif/DateTimeOriginal" value="2017:04:03 15:16:14"/>
          <property name="Exif/ExposureTime" value="0.003125"/>
          <property name="Exif/FNumber" value="3.5"/>
          <property name="Exif/FocalLength" value="4.5"/>
          <property name="Exif/FocalLengthIn35mmFilm" value="25"/>
          <property name="Exif/ISOSpeedRatings" value="160"/>
          <property name="Exif/Make" value="NIKON"/>
          <property name="Exif/Model" value="COOLPIX S9100  "/>
          <property name="Exif/Orientation" value="1"/>
          <property name="Exif/Software" value="COOLPIX S9100V1.0              "/>
          <property name="File/ImageHeight" value="3000"/>
          <property name="File/ImageWidth" value="4000"/>
          <property name="System/FileModifyDate" value="2017:04:03 15:16:14"/>
          <property name="System/FileSize" value="2853618"/>
        </meta>
      </photo>
    </camera>
    <camera camera_id="29">
      <photo path="../../../DSCN3305.JPG">
        <meta>
          <property name="Exif/DateTime" value="2017:04:03 15:16:18"/>
          <property name="Exif/DateTimeOriginal" value="2017:04:03 15:16:18"/>
          <property name="Exif/ExposureTime" value="0.004"/>
          <property name="Exif/FNumber" value="3.5"/>
          <property name="Exif/FocalLength" value="4.5"/>
          <property name="Exif/FocalLengthIn35mmFilm" value="25"/>
          <property name="Exif/ISOSpeedRatings" value="280"/>
          <property name="Exif/Make" value="NIKON"/>
          <property name="Exif/Model" value="COOLPIX S9100  "/>
          <property name="Exif/Orientation" value="1"/>
          <property name="Exif/Software" value="COOLPIX S9100V1.0              "/>
          <property name="File/ImageHeight" value="3000"/>
          <property name="File/ImageWidth" value="4000"/>
          <property name="System/FileModifyDate" value="2017:04:03 15:16:18"/>
          <property name="System/FileSize" value="2631768"/>
        </meta>
      </photo>
    </camera>
    <camera camera_id="30">
      <photo path="../../../DSCN3306.JPG">
        <meta>
          <property name="Exif/DateTime" value="2017:04:03 15:16:21"/>
          <property name="Exif/DateTimeOriginal" value="2017:04:03 15:16:21"/>
          <property name="Exif/ExposureTime" value="0.005"/>
          <property name="Exif/FNumber" value="3.5"/>
          <property name="Exif/FocalLength" value="4.5"/>
          <property name="Exif/FocalLengthIn35mmFilm" value="25"/>
          <property name="Exif/ISOSpeedRatings" value="160"/>
          <property name="Exif/Make" value="NIKON"/>
          <property name="Exif/Model" value="COOLPIX S9100  "/>
          <property name="Exif/Orientation" value="1"/>
          <property name="Exif/Software" value="COOLPIX S9100V1.0              "/>
          <property name="File/ImageHeight" value="3000"/>
          <property name="File/ImageWidth" value="4000"/>
          <property name="System/FileModifyDate" value="2017:04:03 15:16:20"/>
          <property name="System/FileSize" value="2588206"/>
        </meta>
      </photo>
    </camera>
    <camera camera_id="31">
      <photo path="../../../DSCN3307.JPG">
        <meta>
          <property name="Exif/DateTime" value="2017:04:03 15:16:25"/>
          <property name="Exif/DateTimeOriginal" value="2017:04:03 15:16:25"/>
          <property name="Exif/ExposureTime" value="0.005"/>
          <property name="Exif/FNumber" value="3.5"/>
          <property name="Exif/FocalLength" value="4.5"/>
          <property name="Exif/FocalLengthIn35mmFilm" value="25"/>
          <property name="Exif/ISOSpeedRatings" value="160"/>
          <property name="Exif/Make" value="NIKON"/>
          <property name="Exif/Model" value="COOLPIX S9100  "/>
          <property name="Exif/Orientation" value="1"/>
          <property name="Exif/Software" value="COOLPIX S9100V1.0              "/>
          <property name="File/ImageHeight" value="3000"/>
          <property name="File/ImageWidth" value="4000"/>
          <property name="System/FileModifyDate" value="2017:04:03 15:16:24"/>
          <property name="System/FileSize" value="2718664"/>
        </meta>
      </photo>
    </camera>
    <camera camera_id="32">
      <photo path="../../../DSCN3308.JPG">
        <meta>
          <property name="Exif/DateTime" value="2017:04:03 15:16:33"/>
          <property name="Exif/DateTimeOriginal" value="2017:04:03 15:16:33"/>
          <property name="Exif/ExposureTime" value="0.003125"/>
          <property name="Exif/FNumber" value="3.5"/>
          <property name="Exif/FocalLength" value="4.5"/>
          <property name="Exif/FocalLengthIn35mmFilm" value="25"/>
          <property name="Exif/ISOSpeedRatings" value="160"/>
          <property name="Exif/Make" value="NIKON"/>
          <property name="Exif/Model" value="COOLPIX S9100  "/>
          <property name="Exif/Orientation" value="1"/>
          <property name="Exif/Software" value="COOLPIX S9100V1.0              "/>
          <property name="File/ImageHeight" value="3000"/>
          <property name="File/ImageWidth" value="4000"/>
          <property name="System/FileModifyDate" value="2017:04:03 15:16:32"/>
          <property name="System/FileSize" value="2601800"/>
        </meta>
      </photo>
    </camera>
    <camera camera_id="33">
      <photo path="../../../DSCN3309.JPG">
        <meta>
          <property name="Exif/DateTime" value="2017:04:03 15:16:36"/>
          <property name="Exif/DateTimeOriginal" value="2017:04:03 15:16:36"/>
          <property name="Exif/ExposureTime" value="0.00625"/>
          <property name="Exif/FNumber" value="3.5"/>
          <property name="Exif/FocalLength" value="4.5"/>
          <property name="Exif/FocalLengthIn35mmFilm" value="25"/>
          <property name="Exif/ISOSpeedRatings" value="160"/>
          <property name="Exif/Make" value="NIKON"/>
          <property name="Exif/Model" value="COOLPIX S9100  "/>
          <property name="Exif/Orientation" value="1"/>
          <property name="Exif/Software" value="COOLPIX S9100V1.0              "/>
          <property name="File/ImageHeight" value="3000"/>
          <property name="File/ImageWidth" value="4000"/>
          <property name="System/FileModifyDate" value="2017:04:03 15:16:36"/>
          <property name="System/FileSize" value="2634416"/>
        </meta>
      </photo>
    </camera>
    <camera camera_id="34">
      <photo path="../../../DSCN3310.JPG">
        <meta>
          <property name="Exif/DateTime" value="2017:04:03 15:16:43"/>
          <property name="Exif/DateTimeOriginal" value="2017:04:03 15:16:43"/>
          <property name="Exif/ExposureTime" value="0.005"/>
          <property name="Exif/FNumber" value="3.5"/>
          <property name="Exif/FocalLength" value="4.5"/>
          <property name="Exif/FocalLengthIn35mmFilm" value="25"/>
          <property name="Exif/ISOSpeedRatings" value="160"/>
          <property name="Exif/Make" value="NIKON"/>
          <property name="Exif/Model" value="COOLPIX S9100  "/>
          <property name="Exif/Orientation" value="1"/>
          <property name="Exif/Software" value="COOLPIX S9100V1.0              "/>
          <property name="File/ImageHeight" value="3000"/>
          <property name="File/ImageWidth" value="4000"/>
          <property name="System/FileModifyDate" value="2017:04:03 15:16:42"/>
          <property name="System/FileSize" value="2791378"/>
        </meta>
      </photo>
    </camera>
    <camera camera_id="35">
      <photo path="../../../DSCN3311.JPG">
        <meta>
          <property name="Exif/DateTime" value="2017:04:03 15:16:46"/>
          <property name="Exif/DateTimeOriginal" value="2017:04:03 15:16:46"/>
          <property name="Exif/ExposureTime" value="0.004"/>
          <property name="Exif/FNumber" value="3.5"/>
          <property name="Exif/FocalLength" value="4.5"/>
          <property name="Exif/FocalLengthIn35mmFilm" value="25"/>
          <property name="Exif/ISOSpeedRatings" value="280"/>
          <property name="Exif/Make" value="NIKON"/>
          <property name="Exif/Model" value="COOLPIX S9100  "/>
          <property name="Exif/Orientation" value="1"/>
          <property name="Exif/Software" value="COOLPIX S9100V1.0              "/>
          <property name="File/ImageHeight" value="3000"/>
          <property name="File/ImageWidth" value="4000"/>
          <property name="System/FileModifyDate" value="2017:04:03 15:16:46"/>
          <property name="System/FileSize" value="2612916"/>
        </meta>
      </photo>
    </camera>
    <camera camera_id="36">
      <photo path="../../../DSCN3312.JPG">
        <meta>
          <property name="Exif/DateTime" value="2017:04:03 15:16:50"/>
          <property name="Exif/DateTimeOriginal" value="2017:04:03 15:16:50"/>
          <property name="Exif/ExposureTime" value="0.00625"/>
          <property name="Exif/FNumber" value="3.5"/>
          <property name="Exif/FocalLength" value="4.5"/>
          <property name="Exif/FocalLengthIn35mmFilm" value="25"/>
          <property name="Exif/ISOSpeedRatings" value="160"/>
          <property name="Exif/Make" value="NIKON"/>
          <property name="Exif/Model" value="COOLPIX S9100  "/>
          <property name="Exif/Orientation" value="1"/>
          <property name="Exif/Software" value="COOLPIX S9100V1.0              "/>
          <property name="File/ImageHeight" value="3000"/>
          <property name="File/ImageWidth" value="4000"/>
          <property name="System/FileModifyDate" value="2017:04:03 15:16:50"/>
          <property name="System/FileSize" value="2737447"/>
        </meta>
      </photo>
    </camera>
    <camera camera_id="37">
      <photo path="../../../DSCN3313.JPG">
        <meta>
          <property name="Exif/DateTime" value="2017:04:03 15:16:54"/>
          <property name="Exif/DateTimeOriginal" value="2017:04:03 15:16:54"/>
          <property name="Exif/ExposureTime" value="0.008"/>
          <property name="Exif/FNumber" value="3.5"/>
          <property name="Exif/FocalLength" value="4.5"/>
          <property name="Exif/FocalLengthIn35mmFilm" value="25"/>
          <property name="Exif/ISOSpeedRatings" value="160"/>
          <property name="Exif/Make" value="NIKON"/>
          <property name="Exif/Model" value="COOLPIX S9100  "/>
          <property name="Exif/Orientation" value="1"/>
          <property name="Exif/Software" value="COOLPIX S9100V1.0              "/>
          <property name="File/ImageHeight" value="3000"/>
          <property name="File/ImageWidth" value="4000"/>
          <property name="System/FileModifyDate" value="2017:04:03 15:16:54"/>
          <property name="System/FileSize" value="2768781"/>
        </meta>
      </photo>
    </camera>
    <camera camera_id="38">
      <photo path="../../../DSCN3314.JPG">
        <meta>
          <property name="Exif/DateTime" value="2017:04:03 15:17:03"/>
          <property name="Exif/DateTimeOriginal" value="2017:04:03 15:17:03"/>
          <property name="Exif/ExposureTime" value="0.0025"/>
          <property name="Exif/FNumber" value="3.5"/>
          <property name="Exif/FocalLength" value="4.5"/>
          <property name="Exif/FocalLengthIn35mmFilm" value="25"/>
          <property name="Exif/ISOSpeedRatings" value="160"/>
          <property name="Exif/Make" value="NIKON"/>
          <property name="Exif/Model" value="COOLPIX S9100  "/>
          <property name="Exif/Orientation" value="1"/>
          <property name="Exif/Software" value="COOLPIX S9100V1.0              "/>
          <property name="File/ImageHeight" value="3000"/>
          <property name="File/ImageWidth" value="4000"/>
          <property name="System/FileModifyDate" value="2017:04:03 15:17:02"/>
          <property name="System/FileSize" value="2583063"/>
        </meta>
      </photo>
    </camera>
    <camera camera_id="39">
      <photo path="../../../DSCN3315.JPG">
        <meta>
          <property name="Exif/DateTime" value="2017:04:03 15:17:06"/>
          <property name="Exif/DateTimeOriginal" value="2017:04:03 15:17:06"/>
          <property name="Exif/ExposureTime" value="0.00625"/>
          <property name="Exif/FNumber" value="3.5"/>
          <property name="Exif/FocalLength" value="4.5"/>
          <property name="Exif/FocalLengthIn35mmFilm" value="25"/>
          <property name="Exif/ISOSpeedRatings" value="160"/>
          <property name="Exif/Make" value="NIKON"/>
          <property name="Exif/Model" value="COOLPIX S9100  "/>
          <property name="Exif/Orientation" value="1"/>
          <property name="Exif/Software" value="COOLPIX S9100V1.0              "/>
          <property name="File/ImageHeight" value="3000"/>
          <property name="File/ImageWidth" value="4000"/>
          <property name="System/FileModifyDate" value="2017:04:03 15:17:06"/>
          <property name="System/FileSize" value="2803142"/>
        </meta>
      </photo>
    </camera>
    <camera camera_id="40">
      <photo path="../../../DSCN3316.JPG">
        <meta>
          <property name="Exif/DateTime" value="2017:04:03 15:17:09"/>
          <property name="Exif/DateTimeOriginal" value="2017:04:03 15:17:09"/>
          <property name="Exif/ExposureTime" value="0.00625"/>
          <property name="Exif/FNumber" value="3.5"/>
          <property name="Exif/FocalLength" value="4.5"/>
          <property name="Exif/FocalLengthIn35mmFilm" value="25"/>
          <property name="Exif/ISOSpeedRatings" value="160"/>
          <property name="Exif/Make" value="NIKON"/>
          <property name="Exif/Model" value="COOLPIX S9100  "/>
          <property name="Exif/Orientation" value="1"/>
          <property name="Exif/Software" value="COOLPIX S9100V1.0              "/>
          <property name="File/ImageHeight" value="3000"/>
          <property name="File/ImageWidth" value="4000"/>
          <property name="System/FileModifyDate" value="2017:04:03 15:17:08"/>
          <property name="System/FileSize" value="2643234"/>
        </meta>
      </photo>
    </camera>
    <camera camera_id="41">
      <photo path="../../../DSCN3317.JPG">
        <meta>
          <property name="Exif/DateTime" value="2017:04:03 15:17:18"/>
          <property name="Exif/DateTimeOriginal" value="2017:04:03 15:17:18"/>
          <property name="Exif/ExposureTime" value="0.005"/>
          <property name="Exif/FNumber" value="3.5"/>
          <property name="Exif/FocalLength" value="4.5"/>
          <property name="Exif/FocalLengthIn35mmFilm" value="25"/>
          <property name="Exif/ISOSpeedRatings" value="160"/>
          <property name="Exif/Make" value="NIKON"/>
          <property name="Exif/Model" value="COOLPIX S9100  "/>
          <property name="Exif/Orientation" value="1"/>
          <property name="Exif/Software" value="COOLPIX S9100V1.0              "/>
          <property name="File/ImageHeight" value="3000"/>
          <property name="File/ImageWidth" value="4000"/>
          <property name="System/FileModifyDate" value="2017:04:03 15:17:18"/>
          <property name="System/FileSize" value="2588168"/>
        </meta>
      </photo>
    </camera>
    <camera camera_id="42">
      <photo path="../../../DSCN3318.JPG">
        <meta>
          <property name="Exif/DateTime" value="2017:04:03 15:17:22"/>
          <property name="Exif/DateTimeOriginal" value="2017:04:03 15:17:22"/>
          <property name="Exif/ExposureTime" value="0.0125"/>
          <property name="Exif/FNumber" value="3.5"/>
          <property name="Exif/FocalLength" value="4.5"/>
          <property name="Exif/FocalLengthIn35mmFilm" value="25"/>
          <property name="Exif/ISOSpeedRatings" value="160"/>
          <property name="Exif/Make" value="NIKON"/>
          <property name="Exif/Model" value="COOLPIX S9100  "/>
          <property name="Exif/Orientation" value="1"/>
          <property name="Exif/Software" value="COOLPIX S9100V1.0              "/>
          <property name="File/ImageHeight" value="3000"/>
          <property name="File/ImageWidth" value="4000"/>
          <property name="System/FileModifyDate" value="2017:04:03 15:17:22"/>
          <property name="System/FileSize" value="2605055"/>
        </meta>
      </photo>
    </camera>
    <camera camera_id="43">
      <photo path="../../../DSCN3319.JPG">
        <meta>
          <property name="Exif/DateTime" value="2017:04:03 15:17:28"/>
          <property name="Exif/DateTimeOriginal" value="2017:04:03 15:17:28"/>
          <property name="Exif/ExposureTime" value="0.005"/>
          <property name="Exif/FNumber" value="3.5"/>
          <property name="Exif/FocalLength" value="4.5"/>
          <property name="Exif/FocalLengthIn35mmFilm" value="25"/>
          <property name="Exif/ISOSpeedRatings" value="160"/>
          <property name="Exif/Make" value="NIKON"/>
          <property name="Exif/Model" value="COOLPIX S9100  "/>
          <property name="Exif/Orientation" value="1"/>
          <property name="Exif/Software" value="COOLPIX S9100V1.0              "/>
          <property name="File/ImageHeight" value="3000"/>
          <property name="File/ImageWidth" value="4000"/>
          <property name="System/FileModifyDate" value="2017:04:03 15:17:28"/>
          <property name="System/FileSize" value="2699362"/>
        </meta>
      </photo>
    </camera>
    <camera camera_id="44">
      <photo path="../../../DSCN3320.JPG">
        <meta>
          <property name="Exif/DateTime" value="2017:04:03 15:17:39"/>
          <property name="Exif/DateTimeOriginal" value="2017:04:03 15:17:39"/>
          <property name="Exif/ExposureTime" value="0.0025"/>
          <property name="Exif/FNumber" value="3.5"/>
          <property name="Exif/FocalLength" value="4.5"/>
          <property name="Exif/FocalLengthIn35mmFilm" value="25"/>
          <property name="Exif/ISOSpeedRatings" value="160"/>
          <property name="Exif/Make" value="NIKON"/>
          <property name="Exif/Model" value="COOLPIX S9100  "/>
          <property name="Exif/Orientation" value="1"/>
          <property name="Exif/Software" value="COOLPIX S9100V1.0              "/>
          <property name="File/ImageHeight" value="3000"/>
          <property name="File/ImageWidth" value="4000"/>
          <property name="System/FileModifyDate" value="2017:04:03 15:17:38"/>
          <property name="System/FileSize" value="2774441"/>
        </meta>
      </photo>
    </camera>
    <camera camera_id="45">
      <photo path="../../../DSCN3321.JPG">
        <meta>
          <property name="Exif/DateTime" value="2017:04:03 15:17:42"/>
          <property name="Exif/DateTimeOriginal" value="2017:04:03 15:17:42"/>
          <property name="Exif/ExposureTime" value="0.004"/>
          <property name="Exif/FNumber" value="3.5"/>
          <property name="Exif/FocalLength" value="4.5"/>
          <property name="Exif/FocalLengthIn35mmFilm" value="25"/>
          <property name="Exif/ISOSpeedRatings" value="160"/>
          <property name="Exif/Make" value="NIKON"/>
          <property name="Exif/Model" value="COOLPIX S9100  "/>
          <property name="Exif/Orientation" value="1"/>
          <property name="Exif/Software" value="COOLPIX S9100V1.0              "/>
          <property name="File/ImageHeight" value="3000"/>
          <property name="File/ImageWidth" value="4000"/>
          <property name="System/FileModifyDate" value="2017:04:03 15:17:42"/>
          <property name="System/FileSize" value="2626046"/>
        </meta>
      </photo>
    </camera>
    <camera camera_id="46">
      <photo path="../../../DSCN3322.JPG">
        <meta>
          <property name="Exif/DateTime" value="2017:04:03 15:17:45"/>
          <property name="Exif/DateTimeOriginal" value="2017:04:03 15:17:45"/>
          <property name="Exif/ExposureTime" value="0.004"/>
          <property name="Exif/FNumber" value="3.5"/>
          <property name="Exif/FocalLength" value="4.5"/>
          <property name="Exif/FocalLengthIn35mmFilm" value="25"/>
          <property name="Exif/ISOSpeedRatings" value="160"/>
          <property name="Exif/Make" value="NIKON"/>
          <property name="Exif/Model" value="COOLPIX S9100  "/>
          <property name="Exif/Orientation" value="1"/>
          <property name="Exif/Software" value="COOLPIX S9100V1.0              "/>
          <property name="File/ImageHeight" value="3000"/>
          <property name="File/ImageWidth" value="4000"/>
          <property name="System/FileModifyDate" value="2017:04:03 15:17:44"/>
          <property name="System/FileSize" value="2671934"/>
        </meta>
      </photo>
    </camera>
    <camera camera_id="47">
      <photo path="../../../DSCN3323.JPG">
        <meta>
          <property name="Exif/DateTime" value="2017:04:03 15:17:48"/>
          <property name="Exif/DateTimeOriginal" value="2017:04:03 15:17:48"/>
          <property name="Exif/ExposureTime" value="0.003125"/>
          <property name="Exif/FNumber" value="3.5"/>
          <property name="Exif/FocalLength" value="4.5"/>
          <property name="Exif/FocalLengthIn35mmFilm" value="25"/>
          <property name="Exif/ISOSpeedRatings" value="160"/>
          <property name="Exif/Make" value="NIKON"/>
          <property name="Exif/Model" value="COOLPIX S9100  "/>
          <property name="Exif/Orientation" value="1"/>
          <property name="Exif/Software" value="COOLPIX S9100V1.0              "/>
          <property name="File/ImageHeight" value="3000"/>
          <property name="File/ImageWidth" value="4000"/>
          <property name="System/FileModifyDate" value="2017:04:03 15:17:48"/>
          <property name="System/FileSize" value="2626040"/>
        </meta>
      </photo>
    </camera>
    <camera camera_id="48">
      <photo path="../../../DSCN3324.JPG">
        <meta>
          <property name="Exif/DateTime" value="2017:04:03 15:17:51"/>
          <property name="Exif/DateTimeOriginal" value="2017:04:03 15:17:51"/>
          <property name="Exif/ExposureTime" value="0.01"/>
          <property name="Exif/FNumber" value="3.5"/>
          <property name="Exif/FocalLength" value="4.5"/>
          <property name="Exif/FocalLengthIn35mmFilm" value="25"/>
          <property name="Exif/ISOSpeedRatings" value="160"/>
          <property name="Exif/Make" value="NIKON"/>
          <property name="Exif/Model" value="COOLPIX S9100  "/>
          <property name="Exif/Orientation" value="1"/>
          <property name="Exif/Software" value="COOLPIX S9100V1.0              "/>
          <property name="File/ImageHeight" value="3000"/>
          <property name="File/ImageWidth" value="4000"/>
          <property name="System/FileModifyDate" value="2017:04:03 15:17:50"/>
          <property name="System/FileSize" value="2726252"/>
        </meta>
      </photo>
    </camera>
    <camera camera_id="49">
      <photo path="../../../DSCN3325.JPG">
        <meta>
          <property name="Exif/DateTime" value="2017:04:03 15:18:01"/>
          <property name="Exif/DateTimeOriginal" value="2017:04:03 15:18:01"/>
          <property name="Exif/ExposureTime" value="0.003125"/>
          <property name="Exif/FNumber" value="3.5"/>
          <property name="Exif/FocalLength" value="4.5"/>
          <property name="Exif/FocalLengthIn35mmFilm" value="25"/>
          <property name="Exif/ISOSpeedRatings" value="160"/>
          <property name="Exif/Make" value="NIKON"/>
          <property name="Exif/Model" value="COOLPIX S9100  "/>
          <property name="Exif/Orientation" value="1"/>
          <property name="Exif/Software" value="COOLPIX S9100V1.0              "/>
          <property name="File/ImageHeight" value="3000"/>
          <property name="File/ImageWidth" value="4000"/>
          <property name="System/FileModifyDate" value="2017:04:03 15:18:00"/>
          <property name="System/FileSize" value="2727372"/>
        </meta>
      </photo>
    </camera>
    <camera camera_id="50">
      <photo path="../../../DSCN3326.JPG">
        <meta>
          <property name="Exif/DateTime" value="2017:04:03 15:18:04"/>
          <property name="Exif/DateTimeOriginal" value="2017:04:03 15:18:04"/>
          <property name="Exif/ExposureTime" value="0.0025"/>
          <property name="Exif/FNumber" value="3.5"/>
          <property name="Exif/FocalLength" value="4.5"/>
          <property name="Exif/FocalLengthIn35mmFilm" value="25"/>
          <property name="Exif/ISOSpeedRatings" value="160"/>
          <property name="Exif/Make" value="NIKON"/>
          <property name="Exif/Model" value="COOLPIX S9100  "/>
          <property name="Exif/Orientation" value="1"/>
          <property name="Exif/Software" value="COOLPIX S9100V1.0              "/>
          <property name="File/ImageHeight" value="3000"/>
          <property name="File/ImageWidth" value="4000"/>
          <property name="System/FileModifyDate" value="2017:04:03 15:18:04"/>
          <property name="System/FileSize" value="2623260"/>
        </meta>
      </photo>
    </camera>
    <camera camera_id="51">
      <photo path="../../../DSCN3327.JPG">
        <meta>
          <property name="Exif/DateTime" value="2017:04:03 15:18:08"/>
          <property name="Exif/DateTimeOriginal" value="2017:04:03 15:18:08"/>
          <property name="Exif/ExposureTime" value="0.004"/>
          <property name="Exif/FNumber" value="3.5"/>
          <property name="Exif/FocalLength" value="4.5"/>
          <property name="Exif/FocalLengthIn35mmFilm" value="25"/>
          <property name="Exif/ISOSpeedRatings" value="400"/>
          <property name="Exif/Make" value="NIKON"/>
          <property name="Exif/Model" value="COOLPIX S9100  "/>
          <property name="Exif/Orientation" value="1"/>
          <property name="Exif/Software" value="COOLPIX S9100V1.0              "/>
          <property name="File/ImageHeight" value="3000"/>
          <property name="File/ImageWidth" value="4000"/>
          <property name="System/FileModifyDate" value="2017:04:03 15:18:08"/>
          <property name="System/FileSize" value="2673404"/>
        </meta>
      </photo>
    </camera>
    <camera camera_id="52">
      <photo path="../../../DSCN3328.JPG">
        <meta>
          <property name="Exif/DateTime" value="2017:04:03 15:18:11"/>
          <property name="Exif/DateTimeOriginal" value="2017:04:03 15:18:11"/>
          <property name="Exif/ExposureTime" value="0.004"/>
          <property name="Exif/FNumber" value="3.5"/>
          <property name="Exif/FocalLength" value="4.5"/>
          <property name="Exif/FocalLengthIn35mmFilm" value="25"/>
          <property name="Exif/ISOSpeedRatings" value="180"/>
          <property name="Exif/Make" value="NIKON"/>
          <property name="Exif/Model" value="COOLPIX S9100  "/>
          <property name="Exif/Orientation" value="1"/>
          <property name="Exif/Software" value="COOLPIX S9100V1.0              "/>
          <property name="File/ImageHeight" value="3000"/>
          <property name="File/ImageWidth" value="4000"/>
          <property name="System/FileModifyDate" value="2017:04:03 15:18:10"/>
          <property name="System/FileSize" value="2862108"/>
        </meta>
      </photo>
    </camera>
    <camera camera_id="53">
      <photo path="../../../DSCN3329.JPG">
        <meta>
          <property name="Exif/DateTime" value="2017:04:03 15:18:14"/>
          <property name="Exif/DateTimeOriginal" value="2017:04:03 15:18:14"/>
          <property name="Exif/ExposureTime" value="0.008"/>
          <property name="Exif/FNumber" value="3.5"/>
          <property name="Exif/FocalLength" value="4.5"/>
          <property name="Exif/FocalLengthIn35mmFilm" value="25"/>
          <property name="Exif/ISOSpeedRatings" value="160"/>
          <property name="Exif/Make" value="NIKON"/>
          <property name="Exif/Model" value="COOLPIX S9100  "/>
          <property name="Exif/Orientation" value="1"/>
          <property name="Exif/Software" value="COOLPIX S9100V1.0              "/>
          <property name="File/ImageHeight" value="3000"/>
          <property name="File/ImageWidth" value="4000"/>
          <property name="System/FileModifyDate" value="2017:04:03 15:18:14"/>
          <property name="System/FileSize" value="2732656"/>
        </meta>
      </photo>
    </camera>
    <camera camera_id="54">
      <photo path="../../../DSCN3330.JPG">
        <meta>
          <property name="Exif/DateTime" value="2017:04:03 15:18:26"/>
          <property name="Exif/DateTimeOriginal" value="2017:04:03 15:18:26"/>
          <property name="Exif/ExposureTime" value="0.0166666666666667"/>
          <property name="Exif/FNumber" value="3.5"/>
          <property name="Exif/FocalLength" value="4.5"/>
          <property name="Exif/FocalLengthIn35mmFilm" value="25"/>
          <property name="Exif/ISOSpeedRatings" value="160"/>
          <property name="Exif/Make" value="NIKON"/>
          <property name="Exif/Model" value="COOLPIX S9100  "/>
          <property name="Exif/Orientation" value="1"/>
          <property name="Exif/Software" value="COOLPIX S9100V1.0              "/>
          <property name="File/ImageHeight" value="3000"/>
          <property name="File/ImageWidth" value="4000"/>
          <property name="System/FileModifyDate" value="2017:04:03 15:18:26"/>
          <property name="System/FileSize" value="2774133"/>
        </meta>
      </photo>
    </camera>
    <camera camera_id="55">
      <photo path="../../../DSCN3331.JPG">
        <meta>
          <property name="Exif/DateTime" value="2017:04:03 15:18:29"/>
          <property name="Exif/DateTimeOriginal" value="2017:04:03 15:18:29"/>
          <property name="Exif/ExposureTime" value="0.01"/>
          <property name="Exif/FNumber" value="3.5"/>
          <property name="Exif/FocalLength" value="4.5"/>
          <property name="Exif/FocalLengthIn35mmFilm" value="25"/>
          <property name="Exif/ISOSpeedRatings" value="160"/>
          <property name="Exif/Make" value="NIKON"/>
          <property name="Exif/Model" value="COOLPIX S9100  "/>
          <property name="Exif/Orientation" value="1"/>
          <property name="Exif/Software" value="COOLPIX S9100V1.0              "/>
          <property name="File/ImageHeight" value="3000"/>
          <property name="File/ImageWidth" value="4000"/>
          <property name="System/FileModifyDate" value="2017:04:03 15:18:28"/>
          <property name="System/FileSize" value="2699934"/>
        </meta>
      </photo>
    </camera>
    <camera camera_id="56">
      <photo path="../../../DSCN3332.JPG">
        <meta>
          <property name="Exif/DateTime" value="2017:04:03 15:18:32"/>
          <property name="Exif/DateTimeOriginal" value="2017:04:03 15:18:32"/>
          <property name="Exif/ExposureTime" value="0.01"/>
          <property name="Exif/FNumber" value="3.5"/>
          <property name="Exif/FocalLength" value="4.5"/>
          <property name="Exif/FocalLengthIn35mmFilm" value="25"/>
          <property name="Exif/ISOSpeedRatings" value="160"/>
          <property name="Exif/Make" value="NIKON"/>
          <property name="Exif/Model" value="COOLPIX S9100  "/>
          <property name="Exif/Orientation" value="1"/>
          <property name="Exif/Software" value="COOLPIX S9100V1.0              "/>
          <property name="File/ImageHeight" value="3000"/>
          <property name="File/ImageWidth" value="4000"/>
          <property name="System/FileModifyDate" value="2017:04:03 15:18:32"/>
          <property name="System/FileSize" value="2744804"/>
        </meta>
      </photo>
    </camera>
    <camera camera_id="57">
      <photo path="../../../DSCN3333.JPG">
        <meta>
          <property name="Exif/DateTime" value="2017:04:03 15:18:42"/>
          <property name="Exif/DateTimeOriginal" value="2017:04:03 15:18:42"/>
          <property name="Exif/ExposureTime" value="0.004"/>
          <property name="Exif/FNumber" value="3.5"/>
          <property name="Exif/FocalLength" value="4.5"/>
          <property name="Exif/FocalLengthIn35mmFilm" value="25"/>
          <property name="Exif/ISOSpeedRatings" value="200"/>
          <property name="Exif/Make" value="NIKON"/>
          <property name="Exif/Model" value="COOLPIX S9100  "/>
          <property name="Exif/Orientation" value="1"/>
          <property name="Exif/Software" value="COOLPIX S9100V1.0              "/>
          <property name="File/ImageHeight" value="3000"/>
          <property name="File/ImageWidth" value="4000"/>
          <property name="System/FileModifyDate" value="2017:04:03 15:18:42"/>
          <property name="System/FileSize" value="2738484"/>
        </meta>
      </photo>
    </camera>
    <camera camera_id="58">
      <photo path="../../../DSCN3334.JPG">
        <meta>
          <property name="Exif/DateTime" value="2017:04:03 15:18:46"/>
          <property name="Exif/DateTimeOriginal" value="2017:04:03 15:18:46"/>
          <property name="Exif/ExposureTime" value="0.008"/>
          <property name="Exif/FNumber" value="3.5"/>
          <property name="Exif/FocalLength" value="4.5"/>
          <property name="Exif/FocalLengthIn35mmFilm" value="25"/>
          <property name="Exif/ISOSpeedRatings" value="160"/>
          <property name="Exif/Make" value="NIKON"/>
          <property name="Exif/Model" value="COOLPIX S9100  "/>
          <property name="Exif/Orientation" value="6"/>
          <property name="Exif/Software" value="COOLPIX S9100V1.0              "/>
          <property name="File/ImageHeight" value="3000"/>
          <property name="File/ImageWidth" value="4000"/>
          <property name="System/FileModifyDate" value="2017:04:03 15:18:46"/>
          <property name="System/FileSize" value="2691107"/>
        </meta>
      </photo>
    </camera>
    <camera camera_id="59">
      <photo path="../../../DSCN3335.JPG">
        <meta>
          <property name="Exif/DateTime" value="2017:04:03 15:18:49"/>
          <property name="Exif/DateTimeOriginal" value="2017:04:03 15:18:49"/>
          <property name="Exif/ExposureTime" value="0.005"/>
          <property name="Exif/FNumber" value="3.5"/>
          <property name="Exif/FocalLength" value="4.5"/>
          <property name="Exif/FocalLengthIn35mmFilm" value="25"/>
          <property name="Exif/ISOSpeedRatings" value="160"/>
          <property name="Exif/Make" value="NIKON"/>
          <property name="Exif/Model" value="COOLPIX S9100  "/>
          <property name="Exif/Orientation" value="1"/>
          <property name="Exif/Software" value="COOLPIX S9100V1.0              "/>
          <property name="File/ImageHeight" value="3000"/>
          <property name="File/ImageWidth" value="4000"/>
          <property name="System/FileModifyDate" value="2017:04:03 15:18:48"/>
          <property name="System/FileSize" value="2482342"/>
        </meta>
      </photo>
    </camera>
    <camera camera_id="60">
      <photo path="../../../DSCN3336.JPG">
        <meta>
          <property name="Exif/DateTime" value="2017:04:03 15:18:52"/>
          <property name="Exif/DateTimeOriginal" value="2017:04:03 15:18:52"/>
          <property name="Exif/ExposureTime" value="0.0025"/>
          <property name="Exif/FNumber" value="3.5"/>
          <property name="Exif/FocalLength" value="4.5"/>
          <property name="Exif/FocalLengthIn35mmFilm" value="25"/>
          <property name="Exif/ISOSpeedRatings" value="160"/>
          <property name="Exif/Make" value="NIKON"/>
          <property name="Exif/Model" value="COOLPIX S9100  "/>
          <property name="Exif/Orientation" value="1"/>
          <property name="Exif/Software" value="COOLPIX S9100V1.0              "/>
          <property name="File/ImageHeight" value="3000"/>
          <property name="File/ImageWidth" value="4000"/>
          <property name="System/FileModifyDate" value="2017:04:03 15:18:52"/>
          <property name="System/FileSize" value="2677998"/>
        </meta>
      </photo>
    </camera>
    <camera camera_id="61">
      <photo path="../../../DSCN3337.JPG">
        <meta>
          <property name="Exif/DateTime" value="2017:04:03 15:19:04"/>
          <property name="Exif/DateTimeOriginal" value="2017:04:03 15:19:04"/>
          <property name="Exif/ExposureTime" value="0.0166666666666667"/>
          <property name="Exif/FNumber" value="3.5"/>
          <property name="Exif/FocalLength" value="4.5"/>
          <property name="Exif/FocalLengthIn35mmFilm" value="25"/>
          <property name="Exif/ISOSpeedRatings" value="160"/>
          <property name="Exif/Make" value="NIKON"/>
          <property name="Exif/Model" value="COOLPIX S9100  "/>
          <property name="Exif/Orientation" value="1"/>
          <property name="Exif/Software" value="COOLPIX S9100V1.0              "/>
          <property name="File/ImageHeight" value="3000"/>
          <property name="File/ImageWidth" value="4000"/>
          <property name="System/FileModifyDate" value="2017:04:03 15:19:04"/>
          <property name="System/FileSize" value="2640653"/>
        </meta>
      </photo>
    </camera>
    <camera camera_id="62">
      <photo path="../../../DSCN3338.JPG">
        <meta>
          <property name="Exif/DateTime" value="2017:04:03 15:19:07"/>
          <property name="Exif/DateTimeOriginal" value="2017:04:03 15:19:07"/>
          <property name="Exif/ExposureTime" value="0.0125"/>
          <property name="Exif/FNumber" value="3.5"/>
          <property name="Exif/FocalLength" value="4.5"/>
          <property name="Exif/FocalLengthIn35mmFilm" value="25"/>
          <property name="Exif/ISOSpeedRatings" value="160"/>
          <property name="Exif/Make" value="NIKON"/>
          <property name="Exif/Model" value="COOLPIX S9100  "/>
          <property name="Exif/Orientation" value="1"/>
          <property name="Exif/Software" value="COOLPIX S9100V1.0              "/>
          <property name="File/ImageHeight" value="3000"/>
          <property name="File/ImageWidth" value="4000"/>
          <property name="System/FileModifyDate" value="2017:04:03 15:19:06"/>
          <property name="System/FileSize" value="2527580"/>
        </meta>
      </photo>
    </camera>
    <camera camera_id="63">
      <photo path="../../../DSCN3339.JPG">
        <meta>
          <property name="Exif/DateTime" value="2017:04:03 15:19:12"/>
          <property name="Exif/DateTimeOriginal" value="2017:04:03 15:19:12"/>
          <property name="Exif/ExposureTime" value="0.0025"/>
          <property name="Exif/FNumber" value="3.5"/>
          <property name="Exif/FocalLength" value="4.5"/>
          <property name="Exif/FocalLengthIn35mmFilm" value="25"/>
          <property name="Exif/ISOSpeedRatings" value="160"/>
          <property name="Exif/Make" value="NIKON"/>
          <property name="Exif/Model" value="COOLPIX S9100  "/>
          <property name="Exif/Orientation" value="1"/>
          <property name="Exif/Software" value="COOLPIX S9100V1.0              "/>
          <property name="File/ImageHeight" value="3000"/>
          <property name="File/ImageWidth" value="4000"/>
          <property name="System/FileModifyDate" value="2017:04:03 15:19:12"/>
          <property name="System/FileSize" value="2597767"/>
        </meta>
      </photo>
    </camera>
    <camera camera_id="64">
      <photo path="../../../DSCN3340.JPG">
        <meta>
          <property name="Exif/DateTime" value="2017:04:03 15:19:16"/>
          <property name="Exif/DateTimeOriginal" value="2017:04:03 15:19:16"/>
          <property name="Exif/ExposureTime" value="0.0166666666666667"/>
          <property name="Exif/FNumber" value="3.5"/>
          <property name="Exif/FocalLength" value="4.5"/>
          <property name="Exif/FocalLengthIn35mmFilm" value="25"/>
          <property name="Exif/ISOSpeedRatings" value="160"/>
          <property name="Exif/Make" value="NIKON"/>
          <property name="Exif/Model" value="COOLPIX S9100  "/>
          <property name="Exif/Orientation" value="1"/>
          <property name="Exif/Software" value="COOLPIX S9100V1.0              "/>
          <property name="File/ImageHeight" value="3000"/>
          <property name="File/ImageWidth" value="4000"/>
          <property name="System/FileModifyDate" value="2017:04:03 15:19:16"/>
          <property name="System/FileSize" value="2646906"/>
        </meta>
      </photo>
    </camera>
    <camera camera_id="65">
      <photo path="../../../DSCN3341.JPG">
        <meta>
          <property name="Exif/DateTime" value="2017:04:03 15:19:20"/>
          <property name="Exif/DateTimeOriginal" value="2017:04:03 15:19:20"/>
          <property name="Exif/ExposureTime" value="0.01"/>
          <property name="Exif/FNumber" value="3.5"/>
          <property name="Exif/FocalLength" value="4.5"/>
          <property name="Exif/FocalLengthIn35mmFilm" value="25"/>
          <property name="Exif/ISOSpeedRatings" value="160"/>
          <property name="Exif/Make" value="NIKON"/>
          <property name="Exif/Model" value="COOLPIX S9100  "/>
          <property name="Exif/Orientation" value="1"/>
          <property name="Exif/Software" value="COOLPIX S9100V1.0              "/>
          <property name="File/ImageHeight" value="3000"/>
          <property name="File/ImageWidth" value="4000"/>
          <property name="System/FileModifyDate" value="2017:04:03 15:19:20"/>
          <property name="System/FileSize" value="2696297"/>
        </meta>
      </photo>
    </camera>
    <camera camera_id="66">
      <photo path="../../../DSCN3342.JPG">
        <meta>
          <property name="Exif/DateTime" value="2017:04:03 15:19:23"/>
          <property name="Exif/DateTimeOriginal" value="2017:04:03 15:19:23"/>
          <property name="Exif/ExposureTime" value="0.00625"/>
          <property name="Exif/FNumber" value="3.5"/>
          <property name="Exif/FocalLength" value="4.5"/>
          <property name="Exif/FocalLengthIn35mmFilm" value="25"/>
          <property name="Exif/ISOSpeedRatings" value="160"/>
          <property name="Exif/Make" value="NIKON"/>
          <property name="Exif/Model" value="COOLPIX S9100  "/>
          <property name="Exif/Orientation" value="1"/>
          <property name="Exif/Software" value="COOLPIX S9100V1.0              "/>
          <property name="File/ImageHeight" value="3000"/>
          <property name="File/ImageWidth" value="4000"/>
          <property name="System/FileModifyDate" value="2017:04:03 15:19:22"/>
          <property name="System/FileSize" value="2785936"/>
        </meta>
      </photo>
    </camera>
    <camera camera_id="67">
      <photo path="../../../DSCN3343.JPG">
        <meta>
          <property name="Exif/DateTime" value="2017:04:03 15:19:26"/>
          <property name="Exif/DateTimeOriginal" value="2017:04:03 15:19:26"/>
          <property name="Exif/ExposureTime" value="0.004"/>
          <property name="Exif/FNumber" value="3.5"/>
          <property name="Exif/FocalLength" value="4.5"/>
          <property name="Exif/FocalLengthIn35mmFilm" value="25"/>
          <property name="Exif/ISOSpeedRatings" value="160"/>
          <property name="Exif/Make" value="NIKON"/>
          <property name="Exif/Model" value="COOLPIX S9100  "/>
          <property name="Exif/Orientation" value="1"/>
          <property name="Exif/Software" value="COOLPIX S9100V1.0              "/>
          <property name="File/ImageHeight" value="3000"/>
          <property name="File/ImageWidth" value="4000"/>
          <property name="System/FileModifyDate" value="2017:04:03 15:19:26"/>
          <property name="System/FileSize" value="2696264"/>
        </meta>
      </photo>
    </camera>
    <camera camera_id="68">
      <photo path="../../../DSCN3344.JPG">
        <meta>
          <property name="Exif/DateTime" value="2017:04:03 15:19:41"/>
          <property name="Exif/DateTimeOriginal" value="2017:04:03 15:19:41"/>
          <property name="Exif/ExposureTime" value="0.003125"/>
          <property name="Exif/FNumber" value="3.5"/>
          <property name="Exif/FocalLength" value="4.5"/>
          <property name="Exif/FocalLengthIn35mmFilm" value="25"/>
          <property name="Exif/ISOSpeedRatings" value="160"/>
          <property name="Exif/Make" value="NIKON"/>
          <property name="Exif/Model" value="COOLPIX S9100  "/>
          <property name="Exif/Orientation" value="1"/>
          <property name="Exif/Software" value="COOLPIX S9100V1.0              "/>
          <property name="File/ImageHeight" value="3000"/>
          <property name="File/ImageWidth" value="4000"/>
          <property name="System/FileModifyDate" value="2017:04:03 15:19:40"/>
          <property name="System/FileSize" value="2556911"/>
        </meta>
      </photo>
    </camera>
    <camera camera_id="69">
      <photo path="../../../DSCN3345.JPG">
        <meta>
          <property name="Exif/DateTime" value="2017:04:03 15:19:53"/>
          <property name="Exif/DateTimeOriginal" value="2017:04:03 15:19:53"/>
          <property name="Exif/ExposureTime" value="0.004"/>
          <property name="Exif/FNumber" value="3.5"/>
          <property name="Exif/FocalLength" value="4.5"/>
          <property name="Exif/FocalLengthIn35mmFilm" value="25"/>
          <property name="Exif/ISOSpeedRatings" value="280"/>
          <property name="Exif/Make" value="NIKON"/>
          <property name="Exif/Model" value="COOLPIX S9100  "/>
          <property name="Exif/Orientation" value="1"/>
          <property name="Exif/Software" value="COOLPIX S9100V1.0              "/>
          <property name="File/ImageHeight" value="3000"/>
          <property name="File/ImageWidth" value="4000"/>
          <property name="System/FileModifyDate" value="2017:04:03 15:19:52"/>
          <property name="System/FileSize" value="2701295"/>
        </meta>
      </photo>
    </camera>
  </cameras>
  <thumbnails path="thumbnails/thumbnails.zip"/>
  <point_cloud path="point_cloud/point_cloud.zip"/>
  <dense_cloud path="dense_cloud/dense_cloud.zip"/>
  <model path="model.1/model.zip"/>
</frame>
