<?xml version="1.0" encoding="UTF-8"?>
<point_cloud version="1.2.0">
  <params>
    <dataType>uint8</dataType>
    <bands>
      <band label="Red"/>
      <band label="Green"/>
      <band label="Blue"/>
    </bands>
  </params>
  <tracks path="tracks.ply" count="5707"/>
  <points path="points.ply" count="2168"/>
  <projections camera_id="12" path="p12.ply" count="410"/>
  <projections camera_id="13" path="p13.ply" count="635"/>
  <projections camera_id="14" path="p14.ply" count="1798"/>
  <projections camera_id="15" path="p15.ply" count="1399"/>
  <projections camera_id="16" path="p16.ply" count="1095"/>
  <projections camera_id="17" path="p17.ply" count="1994"/>
  <projections camera_id="18" path="p18.ply" count="537"/>
  <projections camera_id="19" path="p19.ply" count="895"/>
  <projections camera_id="20" path="p20.ply" count="616"/>
  <projections camera_id="21" path="p21.ply" count="873"/>
  <projections camera_id="22" path="p22.ply" count="928"/>
  <projections camera_id="23" path="p23.ply" count="1201"/>
  <meta>
    <property name="match/duration" value="30.357"/>
    <property name="match/match_downscale" value="1"/>
    <property name="match/match_filter_mask" value="true"/>
    <property name="match/match_point_limit" value="40000"/>
    <property name="match/match_preselection_generic" value="true"/>
    <property name="match/match_tiepoint_limit" value="4000"/>
  </meta>
</point_cloud>
