<?xml version="1.0" encoding="UTF-8"?>
<frame>
  <cameras>
    <camera camera_id="0">
      <photo path="../../../IMG_20170323_112450.jpg">
        <meta>
          <property name="Exif/ApertureValue" value="2.52"/>
          <property name="Exif/DateTime" value="2017:03:23 11:24:51"/>
          <property name="Exif/DateTimeOriginal" value="2017:03:23 11:24:51"/>
          <property name="Exif/ExposureTime" value="0.000899692"/>
          <property name="Exif/FNumber" value="2.4"/>
          <property name="Exif/FocalLength" value="3.97"/>
          <property name="Exif/ISOSpeedRatings" value="100"/>
          <property name="Exif/Make" value="LGE"/>
          <property name="Exif/Model" value="Nexus 5"/>
          <property name="Exif/Orientation" value="1"/>
          <property name="Exif/ShutterSpeedValue" value="-10.11"/>
          <property name="File/ImageHeight" value="3264"/>
          <property name="File/ImageWidth" value="2448"/>
          <property name="System/FileModifyDate" value="2017:03:23 11:24:51"/>
          <property name="System/FileSize" value="2323398"/>
        </meta>
      </photo>
    </camera>
    <camera camera_id="1">
      <photo path="../../../IMG_20170323_112455.jpg">
        <meta>
          <property name="Exif/ApertureValue" value="2.52"/>
          <property name="Exif/DateTime" value="2017:03:23 11:24:56"/>
          <property name="Exif/DateTimeOriginal" value="2017:03:23 11:24:56"/>
          <property name="Exif/ExposureTime" value="0.001018769"/>
          <property name="Exif/FNumber" value="2.4"/>
          <property name="Exif/FocalLength" value="3.97"/>
          <property name="Exif/ISOSpeedRatings" value="100"/>
          <property name="Exif/Make" value="LGE"/>
          <property name="Exif/Model" value="Nexus 5"/>
          <property name="Exif/Orientation" value="1"/>
          <property name="Exif/ShutterSpeedValue" value="-9.93"/>
          <property name="File/ImageHeight" value="3264"/>
          <property name="File/ImageWidth" value="2448"/>
          <property name="System/FileModifyDate" value="2017:03:23 11:24:56"/>
          <property name="System/FileSize" value="2578478"/>
        </meta>
      </photo>
    </camera>
    <camera camera_id="2">
      <photo path="../../../IMG_20170323_112458.jpg">
        <meta>
          <property name="Exif/ApertureValue" value="2.52"/>
          <property name="Exif/DateTime" value="2017:03:23 11:24:59"/>
          <property name="Exif/DateTimeOriginal" value="2017:03:23 11:24:59"/>
          <property name="Exif/ExposureTime" value="0.001177538"/>
          <property name="Exif/FNumber" value="2.4"/>
          <property name="Exif/FocalLength" value="3.97"/>
          <property name="Exif/ISOSpeedRatings" value="100"/>
          <property name="Exif/Make" value="LGE"/>
          <property name="Exif/Model" value="Nexus 5"/>
          <property name="Exif/Orientation" value="1"/>
          <property name="Exif/ShutterSpeedValue" value="-9.73"/>
          <property name="File/ImageHeight" value="3264"/>
          <property name="File/ImageWidth" value="2448"/>
          <property name="System/FileModifyDate" value="2017:03:23 11:24:59"/>
          <property name="System/FileSize" value="2629063"/>
        </meta>
      </photo>
    </camera>
    <camera camera_id="3">
      <photo path="../../../IMG_20170323_112501.jpg">
        <meta>
          <property name="Exif/ApertureValue" value="2.52"/>
          <property name="Exif/DateTime" value="2017:03:23 11:25:02"/>
          <property name="Exif/DateTimeOriginal" value="2017:03:23 11:25:02"/>
          <property name="Exif/ExposureTime" value="0.001495076"/>
          <property name="Exif/FNumber" value="2.4"/>
          <property name="Exif/FocalLength" value="3.97"/>
          <property name="Exif/ISOSpeedRatings" value="100"/>
          <property name="Exif/Make" value="LGE"/>
          <property name="Exif/Model" value="Nexus 5"/>
          <property name="Exif/Orientation" value="1"/>
          <property name="Exif/ShutterSpeedValue" value="-9.38"/>
          <property name="File/ImageHeight" value="3264"/>
          <property name="File/ImageWidth" value="2448"/>
          <property name="System/FileModifyDate" value="2017:03:23 11:25:02"/>
          <property name="System/FileSize" value="2825917"/>
        </meta>
      </photo>
    </camera>
    <camera camera_id="4">
      <photo path="../../../IMG_20170323_112505.jpg">
        <meta>
          <property name="Exif/ApertureValue" value="2.52"/>
          <property name="Exif/DateTime" value="2017:03:23 11:25:05"/>
          <property name="Exif/DateTimeOriginal" value="2017:03:23 11:25:05"/>
          <property name="Exif/ExposureTime" value="0.001944923"/>
          <property name="Exif/FNumber" value="2.4"/>
          <property name="Exif/FocalLength" value="3.97"/>
          <property name="Exif/ISOSpeedRatings" value="100"/>
          <property name="Exif/Make" value="LGE"/>
          <property name="Exif/Model" value="Nexus 5"/>
          <property name="Exif/Orientation" value="1"/>
          <property name="Exif/ShutterSpeedValue" value="-9"/>
          <property name="File/ImageHeight" value="3264"/>
          <property name="File/ImageWidth" value="2448"/>
          <property name="System/FileModifyDate" value="2017:03:23 11:25:05"/>
          <property name="System/FileSize" value="3165230"/>
        </meta>
      </photo>
    </camera>
    <camera camera_id="5">
      <photo path="../../../IMG_20170323_112508.jpg">
        <meta>
          <property name="Exif/ApertureValue" value="2.52"/>
          <property name="Exif/DateTime" value="2017:03:23 11:25:08"/>
          <property name="Exif/DateTimeOriginal" value="2017:03:23 11:25:08"/>
          <property name="Exif/ExposureTime" value="0.002619692"/>
          <property name="Exif/FNumber" value="2.4"/>
          <property name="Exif/FocalLength" value="3.97"/>
          <property name="Exif/ISOSpeedRatings" value="100"/>
          <property name="Exif/Make" value="LGE"/>
          <property name="Exif/Model" value="Nexus 5"/>
          <property name="Exif/Orientation" value="1"/>
          <property name="Exif/ShutterSpeedValue" value="-8.57"/>
          <property name="File/ImageHeight" value="3264"/>
          <property name="File/ImageWidth" value="2448"/>
          <property name="System/FileModifyDate" value="2017:03:23 11:25:08"/>
          <property name="System/FileSize" value="3142940"/>
        </meta>
      </photo>
    </camera>
    <camera camera_id="6">
      <photo path="../../../IMG_20170323_112511.jpg">
        <meta>
          <property name="Exif/ApertureValue" value="2.52"/>
          <property name="Exif/DateTime" value="2017:03:23 11:25:12"/>
          <property name="Exif/DateTimeOriginal" value="2017:03:23 11:25:12"/>
          <property name="Exif/ExposureTime" value="0.002196307"/>
          <property name="Exif/FNumber" value="2.4"/>
          <property name="Exif/FocalLength" value="3.97"/>
          <property name="Exif/ISOSpeedRatings" value="100"/>
          <property name="Exif/Make" value="LGE"/>
          <property name="Exif/Model" value="Nexus 5"/>
          <property name="Exif/Orientation" value="1"/>
          <property name="Exif/ShutterSpeedValue" value="-8.83"/>
          <property name="File/ImageHeight" value="3264"/>
          <property name="File/ImageWidth" value="2448"/>
          <property name="System/FileModifyDate" value="2017:03:23 11:25:12"/>
          <property name="System/FileSize" value="3155496"/>
        </meta>
      </photo>
    </camera>
    <camera camera_id="7">
      <photo path="../../../IMG_20170323_112515.jpg">
        <meta>
          <property name="Exif/ApertureValue" value="2.52"/>
          <property name="Exif/DateTime" value="2017:03:23 11:25:15"/>
          <property name="Exif/DateTimeOriginal" value="2017:03:23 11:25:15"/>
          <property name="Exif/ExposureTime" value="0.001534769"/>
          <property name="Exif/FNumber" value="2.4"/>
          <property name="Exif/FocalLength" value="3.97"/>
          <property name="Exif/ISOSpeedRatings" value="100"/>
          <property name="Exif/Make" value="LGE"/>
          <property name="Exif/Model" value="Nexus 5"/>
          <property name="Exif/Orientation" value="1"/>
          <property name="Exif/ShutterSpeedValue" value="-9.34"/>
          <property name="File/ImageHeight" value="3264"/>
          <property name="File/ImageWidth" value="2448"/>
          <property name="System/FileModifyDate" value="2017:03:23 11:25:15"/>
          <property name="System/FileSize" value="2955323"/>
        </meta>
      </photo>
    </camera>
    <camera camera_id="8">
      <photo path="../../../IMG_20170323_112518.jpg">
        <meta>
          <property name="Exif/ApertureValue" value="2.52"/>
          <property name="Exif/DateTime" value="2017:03:23 11:25:18"/>
          <property name="Exif/DateTimeOriginal" value="2017:03:23 11:25:18"/>
          <property name="Exif/ExposureTime" value="0.001323076"/>
          <property name="Exif/FNumber" value="2.4"/>
          <property name="Exif/FocalLength" value="3.97"/>
          <property name="Exif/ISOSpeedRatings" value="100"/>
          <property name="Exif/Make" value="LGE"/>
          <property name="Exif/Model" value="Nexus 5"/>
          <property name="Exif/Orientation" value="1"/>
          <property name="Exif/ShutterSpeedValue" value="-9.56"/>
          <property name="File/ImageHeight" value="3264"/>
          <property name="File/ImageWidth" value="2448"/>
          <property name="System/FileModifyDate" value="2017:03:23 11:25:18"/>
          <property name="System/FileSize" value="2995688"/>
        </meta>
      </photo>
    </camera>
    <camera camera_id="9">
      <photo path="../../../IMG_20170323_112521.jpg">
        <meta>
          <property name="Exif/ApertureValue" value="2.52"/>
          <property name="Exif/DateTime" value="2017:03:23 11:25:22"/>
          <property name="Exif/DateTimeOriginal" value="2017:03:23 11:25:22"/>
          <property name="Exif/ExposureTime" value="0.00121723"/>
          <property name="Exif/FNumber" value="2.4"/>
          <property name="Exif/FocalLength" value="3.97"/>
          <property name="Exif/ISOSpeedRatings" value="100"/>
          <property name="Exif/Make" value="LGE"/>
          <property name="Exif/Model" value="Nexus 5"/>
          <property name="Exif/Orientation" value="1"/>
          <property name="Exif/ShutterSpeedValue" value="-9.68"/>
          <property name="File/ImageHeight" value="3264"/>
          <property name="File/ImageWidth" value="2448"/>
          <property name="System/FileModifyDate" value="2017:03:23 11:25:22"/>
          <property name="System/FileSize" value="3420564"/>
        </meta>
      </photo>
    </camera>
    <camera camera_id="10">
      <photo path="../../../IMG_20170323_112525.jpg">
        <meta>
          <property name="Exif/ApertureValue" value="2.52"/>
          <property name="Exif/DateTime" value="2017:03:23 11:25:25"/>
          <property name="Exif/DateTimeOriginal" value="2017:03:23 11:25:25"/>
          <property name="Exif/ExposureTime" value="0.001137846"/>
          <property name="Exif/FNumber" value="2.4"/>
          <property name="Exif/FocalLength" value="3.97"/>
          <property name="Exif/ISOSpeedRatings" value="100"/>
          <property name="Exif/Make" value="LGE"/>
          <property name="Exif/Model" value="Nexus 5"/>
          <property name="Exif/Orientation" value="1"/>
          <property name="Exif/ShutterSpeedValue" value="-9.77"/>
          <property name="File/ImageHeight" value="3264"/>
          <property name="File/ImageWidth" value="2448"/>
          <property name="System/FileModifyDate" value="2017:03:23 11:25:25"/>
          <property name="System/FileSize" value="3433670"/>
        </meta>
      </photo>
    </camera>
    <camera camera_id="11">
      <photo path="../../../IMG_20170323_112528.jpg">
        <meta>
          <property name="Exif/ApertureValue" value="2.52"/>
          <property name="Exif/DateTime" value="2017:03:23 11:25:28"/>
          <property name="Exif/DateTimeOriginal" value="2017:03:23 11:25:28"/>
          <property name="Exif/ExposureTime" value="0.001071692"/>
          <property name="Exif/FNumber" value="2.4"/>
          <property name="Exif/FocalLength" value="3.97"/>
          <property name="Exif/ISOSpeedRatings" value="101"/>
          <property name="Exif/Make" value="LGE"/>
          <property name="Exif/Model" value="Nexus 5"/>
          <property name="Exif/Orientation" value="1"/>
          <property name="Exif/ShutterSpeedValue" value="-9.86"/>
          <property name="File/ImageHeight" value="3264"/>
          <property name="File/ImageWidth" value="2448"/>
          <property name="System/FileModifyDate" value="2017:03:23 11:25:28"/>
          <property name="System/FileSize" value="3337602"/>
        </meta>
      </photo>
    </camera>
    <camera camera_id="12">
      <photo path="../../../IMG_20170323_112531.jpg">
        <meta>
          <property name="Exif/ApertureValue" value="2.52"/>
          <property name="Exif/DateTime" value="2017:03:23 11:25:32"/>
          <property name="Exif/DateTimeOriginal" value="2017:03:23 11:25:32"/>
          <property name="Exif/ExposureTime" value="0.00121723"/>
          <property name="Exif/FNumber" value="2.4"/>
          <property name="Exif/FocalLength" value="3.97"/>
          <property name="Exif/ISOSpeedRatings" value="100"/>
          <property name="Exif/Make" value="LGE"/>
          <property name="Exif/Model" value="Nexus 5"/>
          <property name="Exif/Orientation" value="1"/>
          <property name="Exif/ShutterSpeedValue" value="-9.68"/>
          <property name="File/ImageHeight" value="3264"/>
          <property name="File/ImageWidth" value="2448"/>
          <property name="System/FileModifyDate" value="2017:03:23 11:25:32"/>
          <property name="System/FileSize" value="3323043"/>
        </meta>
      </photo>
    </camera>
    <camera camera_id="13">
      <photo path="../../../IMG_20170323_112534.jpg">
        <meta>
          <property name="Exif/ApertureValue" value="2.52"/>
          <property name="Exif/DateTime" value="2017:03:23 11:25:35"/>
          <property name="Exif/DateTimeOriginal" value="2017:03:23 11:25:35"/>
          <property name="Exif/ExposureTime" value="0.001323076"/>
          <property name="Exif/FNumber" value="2.4"/>
          <property name="Exif/FocalLength" value="3.97"/>
          <property name="Exif/ISOSpeedRatings" value="100"/>
          <property name="Exif/Make" value="LGE"/>
          <property name="Exif/Model" value="Nexus 5"/>
          <property name="Exif/Orientation" value="1"/>
          <property name="Exif/ShutterSpeedValue" value="-9.56"/>
          <property name="File/ImageHeight" value="3264"/>
          <property name="File/ImageWidth" value="2448"/>
          <property name="System/FileModifyDate" value="2017:03:23 11:25:35"/>
          <property name="System/FileSize" value="3201274"/>
        </meta>
      </photo>
    </camera>
    <camera camera_id="14">
      <photo path="../../../IMG_20170323_112538.jpg">
        <meta>
          <property name="Exif/ApertureValue" value="2.52"/>
          <property name="Exif/DateTime" value="2017:03:23 11:25:38"/>
          <property name="Exif/DateTimeOriginal" value="2017:03:23 11:25:38"/>
          <property name="Exif/ExposureTime" value="0.001402461"/>
          <property name="Exif/FNumber" value="2.4"/>
          <property name="Exif/FocalLength" value="3.97"/>
          <property name="Exif/ISOSpeedRatings" value="100"/>
          <property name="Exif/Make" value="LGE"/>
          <property name="Exif/Model" value="Nexus 5"/>
          <property name="Exif/Orientation" value="1"/>
          <property name="Exif/ShutterSpeedValue" value="-9.47"/>
          <property name="File/ImageHeight" value="3264"/>
          <property name="File/ImageWidth" value="2448"/>
          <property name="System/FileModifyDate" value="2017:03:23 11:25:38"/>
          <property name="System/FileSize" value="3112469"/>
        </meta>
      </photo>
    </camera>
    <camera camera_id="15">
      <photo path="../../../IMG_20170323_112543.jpg">
        <meta>
          <property name="Exif/ApertureValue" value="2.52"/>
          <property name="Exif/DateTime" value="2017:03:23 11:25:44"/>
          <property name="Exif/DateTimeOriginal" value="2017:03:23 11:25:44"/>
          <property name="Exif/ExposureTime" value="0.001839076"/>
          <property name="Exif/FNumber" value="2.4"/>
          <property name="Exif/FocalLength" value="3.97"/>
          <property name="Exif/ISOSpeedRatings" value="100"/>
          <property name="Exif/Make" value="LGE"/>
          <property name="Exif/Model" value="Nexus 5"/>
          <property name="Exif/Orientation" value="1"/>
          <property name="Exif/ShutterSpeedValue" value="-9.08"/>
          <property name="File/ImageHeight" value="3264"/>
          <property name="File/ImageWidth" value="2448"/>
          <property name="System/FileModifyDate" value="2017:03:23 11:25:44"/>
          <property name="System/FileSize" value="3151617"/>
        </meta>
      </photo>
    </camera>
    <camera camera_id="16">
      <photo path="../../../IMG_20170323_112548.jpg">
        <meta>
          <property name="Exif/ApertureValue" value="2.52"/>
          <property name="Exif/DateTime" value="2017:03:23 11:25:49"/>
          <property name="Exif/DateTimeOriginal" value="2017:03:23 11:25:49"/>
          <property name="Exif/ExposureTime" value="0.00173323"/>
          <property name="Exif/FNumber" value="2.4"/>
          <property name="Exif/FocalLength" value="3.97"/>
          <property name="Exif/ISOSpeedRatings" value="100"/>
          <property name="Exif/Make" value="LGE"/>
          <property name="Exif/Model" value="Nexus 5"/>
          <property name="Exif/Orientation" value="1"/>
          <property name="Exif/ShutterSpeedValue" value="-9.17"/>
          <property name="File/ImageHeight" value="3264"/>
          <property name="File/ImageWidth" value="2448"/>
          <property name="System/FileModifyDate" value="2017:03:23 11:25:49"/>
          <property name="System/FileSize" value="3235769"/>
        </meta>
      </photo>
    </camera>
    <camera camera_id="17">
      <photo path="../../../IMG_20170323_112602.jpg">
        <meta>
          <property name="Exif/ApertureValue" value="2.52"/>
          <property name="Exif/DateTime" value="2017:03:23 11:26:02"/>
          <property name="Exif/DateTimeOriginal" value="2017:03:23 11:26:02"/>
          <property name="Exif/ExposureTime" value="0.00173323"/>
          <property name="Exif/FNumber" value="2.4"/>
          <property name="Exif/FocalLength" value="3.97"/>
          <property name="Exif/ISOSpeedRatings" value="100"/>
          <property name="Exif/Make" value="LGE"/>
          <property name="Exif/Model" value="Nexus 5"/>
          <property name="Exif/Orientation" value="1"/>
          <property name="Exif/ShutterSpeedValue" value="-9.17"/>
          <property name="File/ImageHeight" value="3264"/>
          <property name="File/ImageWidth" value="2448"/>
          <property name="System/FileModifyDate" value="2017:03:23 11:26:02"/>
          <property name="System/FileSize" value="2986224"/>
        </meta>
      </photo>
    </camera>
    <camera camera_id="18">
      <photo path="../../../IMG_20170323_112610.jpg">
        <meta>
          <property name="Exif/ApertureValue" value="2.52"/>
          <property name="Exif/DateTime" value="2017:03:23 11:26:11"/>
          <property name="Exif/DateTimeOriginal" value="2017:03:23 11:26:11"/>
          <property name="Exif/ExposureTime" value="0.001323076"/>
          <property name="Exif/FNumber" value="2.4"/>
          <property name="Exif/FocalLength" value="3.97"/>
          <property name="Exif/ISOSpeedRatings" value="100"/>
          <property name="Exif/Make" value="LGE"/>
          <property name="Exif/Model" value="Nexus 5"/>
          <property name="Exif/Orientation" value="1"/>
          <property name="Exif/ShutterSpeedValue" value="-9.56"/>
          <property name="File/ImageHeight" value="3264"/>
          <property name="File/ImageWidth" value="2448"/>
          <property name="System/FileModifyDate" value="2017:03:23 11:26:11"/>
          <property name="System/FileSize" value="2450253"/>
        </meta>
      </photo>
    </camera>
    <camera camera_id="19">
      <photo path="../../../IMG_20170323_112617.jpg">
        <meta>
          <property name="Exif/ApertureValue" value="2.52"/>
          <property name="Exif/DateTime" value="2017:03:23 11:26:17"/>
          <property name="Exif/DateTimeOriginal" value="2017:03:23 11:26:17"/>
          <property name="Exif/ExposureTime" value="0.001283384"/>
          <property name="Exif/FNumber" value="2.4"/>
          <property name="Exif/FocalLength" value="3.97"/>
          <property name="Exif/ISOSpeedRatings" value="100"/>
          <property name="Exif/Make" value="LGE"/>
          <property name="Exif/Model" value="Nexus 5"/>
          <property name="Exif/Orientation" value="1"/>
          <property name="Exif/ShutterSpeedValue" value="-9.6"/>
          <property name="File/ImageHeight" value="3264"/>
          <property name="File/ImageWidth" value="2448"/>
          <property name="System/FileModifyDate" value="2017:03:23 11:26:17"/>
          <property name="System/FileSize" value="2120323"/>
        </meta>
      </photo>
    </camera>
    <camera camera_id="20">
      <photo path="../../../IMG_20170323_112624.jpg">
        <meta>
          <property name="Exif/ApertureValue" value="2.52"/>
          <property name="Exif/DateTime" value="2017:03:23 11:26:24"/>
          <property name="Exif/DateTimeOriginal" value="2017:03:23 11:26:24"/>
          <property name="Exif/ExposureTime" value="0.001071692"/>
          <property name="Exif/FNumber" value="2.4"/>
          <property name="Exif/FocalLength" value="3.97"/>
          <property name="Exif/ISOSpeedRatings" value="101"/>
          <property name="Exif/Make" value="LGE"/>
          <property name="Exif/Model" value="Nexus 5"/>
          <property name="Exif/Orientation" value="1"/>
          <property name="Exif/ShutterSpeedValue" value="-9.86"/>
          <property name="File/ImageHeight" value="3264"/>
          <property name="File/ImageWidth" value="2448"/>
          <property name="System/FileModifyDate" value="2017:03:23 11:26:24"/>
          <property name="System/FileSize" value="1953138"/>
        </meta>
      </photo>
    </camera>
    <camera camera_id="21">
      <photo path="../../../IMG_20170323_112634.jpg">
        <meta>
          <property name="Exif/ApertureValue" value="2.52"/>
          <property name="Exif/DateTime" value="2017:03:23 11:26:34"/>
          <property name="Exif/DateTimeOriginal" value="2017:03:23 11:26:34"/>
          <property name="Exif/ExposureTime" value="0.001442153"/>
          <property name="Exif/FNumber" value="2.4"/>
          <property name="Exif/FocalLength" value="3.97"/>
          <property name="Exif/ISOSpeedRatings" value="100"/>
          <property name="Exif/Make" value="LGE"/>
          <property name="Exif/Model" value="Nexus 5"/>
          <property name="Exif/Orientation" value="1"/>
          <property name="Exif/ShutterSpeedValue" value="-9.43"/>
          <property name="File/ImageHeight" value="3264"/>
          <property name="File/ImageWidth" value="2448"/>
          <property name="System/FileModifyDate" value="2017:03:23 11:26:34"/>
          <property name="System/FileSize" value="2094723"/>
        </meta>
      </photo>
    </camera>
    <camera camera_id="22">
      <photo path="../../../IMG_20170323_112640.jpg">
        <meta>
          <property name="Exif/ApertureValue" value="2.52"/>
          <property name="Exif/DateTime" value="2017:03:23 11:26:41"/>
          <property name="Exif/DateTimeOriginal" value="2017:03:23 11:26:41"/>
          <property name="Exif/ExposureTime" value="0.001243692"/>
          <property name="Exif/FNumber" value="2.4"/>
          <property name="Exif/FocalLength" value="3.97"/>
          <property name="Exif/ISOSpeedRatings" value="100"/>
          <property name="Exif/Make" value="LGE"/>
          <property name="Exif/Model" value="Nexus 5"/>
          <property name="Exif/Orientation" value="1"/>
          <property name="Exif/ShutterSpeedValue" value="-9.65"/>
          <property name="File/ImageHeight" value="3264"/>
          <property name="File/ImageWidth" value="2448"/>
          <property name="System/FileModifyDate" value="2017:03:23 11:26:41"/>
          <property name="System/FileSize" value="2101178"/>
        </meta>
      </photo>
    </camera>
    <camera camera_id="23">
      <photo path="../../../IMG_20170323_112646.jpg">
        <meta>
          <property name="Exif/ApertureValue" value="2.52"/>
          <property name="Exif/DateTime" value="2017:03:23 11:26:47"/>
          <property name="Exif/DateTimeOriginal" value="2017:03:23 11:26:47"/>
          <property name="Exif/ExposureTime" value="0.001137846"/>
          <property name="Exif/FNumber" value="2.4"/>
          <property name="Exif/FocalLength" value="3.97"/>
          <property name="Exif/ISOSpeedRatings" value="100"/>
          <property name="Exif/Make" value="LGE"/>
          <property name="Exif/Model" value="Nexus 5"/>
          <property name="Exif/Orientation" value="1"/>
          <property name="Exif/ShutterSpeedValue" value="-9.77"/>
          <property name="File/ImageHeight" value="3264"/>
          <property name="File/ImageWidth" value="2448"/>
          <property name="System/FileModifyDate" value="2017:03:23 11:26:47"/>
          <property name="System/FileSize" value="2092446"/>
        </meta>
      </photo>
    </camera>
    <camera camera_id="24">
      <photo path="../../../IMG_20170323_112651.jpg">
        <meta>
          <property name="Exif/ApertureValue" value="2.52"/>
          <property name="Exif/DateTime" value="2017:03:23 11:26:52"/>
          <property name="Exif/DateTimeOriginal" value="2017:03:23 11:26:52"/>
          <property name="Exif/ExposureTime" value="0.001323076"/>
          <property name="Exif/FNumber" value="2.4"/>
          <property name="Exif/FocalLength" value="3.97"/>
          <property name="Exif/ISOSpeedRatings" value="100"/>
          <property name="Exif/Make" value="LGE"/>
          <property name="Exif/Model" value="Nexus 5"/>
          <property name="Exif/Orientation" value="1"/>
          <property name="Exif/ShutterSpeedValue" value="-9.56"/>
          <property name="File/ImageHeight" value="3264"/>
          <property name="File/ImageWidth" value="2448"/>
          <property name="System/FileModifyDate" value="2017:03:23 11:26:52"/>
          <property name="System/FileSize" value="2454518"/>
        </meta>
      </photo>
    </camera>
  </cameras>
  <masks path="masks/masks.zip"/>
  <thumbnails path="thumbnails/thumbnails.zip"/>
  <point_cloud path="point_cloud/point_cloud.zip"/>
  <dense_cloud path="dense_cloud.1/dense_cloud.zip"/>
</frame>
