<?xml version="1.0" encoding="UTF-8"?>
<frame>
  <cameras>
    <camera camera_id="0">
      <photo path="../../../DSCN3383.JPG">
        <meta>
          <property name="Exif/DateTime" value="2017:04:04 14:58:07"/>
          <property name="Exif/DateTimeOriginal" value="2017:04:04 14:58:07"/>
          <property name="Exif/ExposureTime" value="0.0333333333333333"/>
          <property name="Exif/FNumber" value="3.5"/>
          <property name="Exif/FocalLength" value="4.5"/>
          <property name="Exif/FocalLengthIn35mmFilm" value="25"/>
          <property name="Exif/ISOSpeedRatings" value="200"/>
          <property name="Exif/Make" value="NIKON"/>
          <property name="Exif/Model" value="COOLPIX S9100  "/>
          <property name="Exif/Orientation" value="1"/>
          <property name="Exif/Software" value="COOLPIX S9100V1.0              "/>
          <property name="File/ImageHeight" value="3000"/>
          <property name="File/ImageWidth" value="4000"/>
          <property name="System/FileModifyDate" value="2017:04:04 14:58:06"/>
          <property name="System/FileSize" value="2753144"/>
        </meta>
      </photo>
    </camera>
    <camera camera_id="1">
      <photo path="../../../DSCN3384.JPG">
        <meta>
          <property name="Exif/DateTime" value="2017:04:04 14:58:14"/>
          <property name="Exif/DateTimeOriginal" value="2017:04:04 14:58:14"/>
          <property name="Exif/ExposureTime" value="0.0333333333333333"/>
          <property name="Exif/FNumber" value="3.5"/>
          <property name="Exif/FocalLength" value="4.5"/>
          <property name="Exif/FocalLengthIn35mmFilm" value="25"/>
          <property name="Exif/ISOSpeedRatings" value="200"/>
          <property name="Exif/Make" value="NIKON"/>
          <property name="Exif/Model" value="COOLPIX S9100  "/>
          <property name="Exif/Orientation" value="1"/>
          <property name="Exif/Software" value="COOLPIX S9100V1.0              "/>
          <property name="File/ImageHeight" value="3000"/>
          <property name="File/ImageWidth" value="4000"/>
          <property name="System/FileModifyDate" value="2017:04:04 14:58:14"/>
          <property name="System/FileSize" value="2791254"/>
        </meta>
      </photo>
    </camera>
    <camera camera_id="2">
      <photo path="../../../DSCN3385.JPG">
        <meta>
          <property name="Exif/DateTime" value="2017:04:04 14:58:35"/>
          <property name="Exif/DateTimeOriginal" value="2017:04:04 14:58:35"/>
          <property name="Exif/ExposureTime" value="0.0333333333333333"/>
          <property name="Exif/FNumber" value="3.5"/>
          <property name="Exif/FocalLength" value="4.5"/>
          <property name="Exif/FocalLengthIn35mmFilm" value="25"/>
          <property name="Exif/ISOSpeedRatings" value="200"/>
          <property name="Exif/Make" value="NIKON"/>
          <property name="Exif/Model" value="COOLPIX S9100  "/>
          <property name="Exif/Orientation" value="1"/>
          <property name="Exif/Software" value="COOLPIX S9100V1.0              "/>
          <property name="File/ImageHeight" value="3000"/>
          <property name="File/ImageWidth" value="4000"/>
          <property name="System/FileModifyDate" value="2017:04:04 14:58:34"/>
          <property name="System/FileSize" value="2679961"/>
        </meta>
      </photo>
    </camera>
    <camera camera_id="3">
      <photo path="../../../DSCN3386.JPG">
        <meta>
          <property name="Exif/DateTime" value="2017:04:04 14:58:42"/>
          <property name="Exif/DateTimeOriginal" value="2017:04:04 14:58:42"/>
          <property name="Exif/ExposureTime" value="0.0333333333333333"/>
          <property name="Exif/FNumber" value="3.5"/>
          <property name="Exif/FocalLength" value="4.5"/>
          <property name="Exif/FocalLengthIn35mmFilm" value="25"/>
          <property name="Exif/ISOSpeedRatings" value="200"/>
          <property name="Exif/Make" value="NIKON"/>
          <property name="Exif/Model" value="COOLPIX S9100  "/>
          <property name="Exif/Orientation" value="1"/>
          <property name="Exif/Software" value="COOLPIX S9100V1.0              "/>
          <property name="File/ImageHeight" value="3000"/>
          <property name="File/ImageWidth" value="4000"/>
          <property name="System/FileModifyDate" value="2017:04:04 14:58:42"/>
          <property name="System/FileSize" value="2691055"/>
        </meta>
      </photo>
    </camera>
    <camera camera_id="4">
      <photo path="../../../DSCN3387.JPG">
        <meta>
          <property name="Exif/DateTime" value="2017:04:04 14:58:49"/>
          <property name="Exif/DateTimeOriginal" value="2017:04:04 14:58:49"/>
          <property name="Exif/ExposureTime" value="0.0333333333333333"/>
          <property name="Exif/FNumber" value="3.5"/>
          <property name="Exif/FocalLength" value="4.5"/>
          <property name="Exif/FocalLengthIn35mmFilm" value="25"/>
          <property name="Exif/ISOSpeedRatings" value="200"/>
          <property name="Exif/Make" value="NIKON"/>
          <property name="Exif/Model" value="COOLPIX S9100  "/>
          <property name="Exif/Orientation" value="1"/>
          <property name="Exif/Software" value="COOLPIX S9100V1.0              "/>
          <property name="File/ImageHeight" value="3000"/>
          <property name="File/ImageWidth" value="4000"/>
          <property name="System/FileModifyDate" value="2017:04:04 14:58:48"/>
          <property name="System/FileSize" value="2640411"/>
        </meta>
      </photo>
    </camera>
    <camera camera_id="5">
      <photo path="../../../DSCN3388.JPG">
        <meta>
          <property name="Exif/DateTime" value="2017:04:04 14:58:54"/>
          <property name="Exif/DateTimeOriginal" value="2017:04:04 14:58:54"/>
          <property name="Exif/ExposureTime" value="0.0333333333333333"/>
          <property name="Exif/FNumber" value="3.5"/>
          <property name="Exif/FocalLength" value="4.5"/>
          <property name="Exif/FocalLengthIn35mmFilm" value="25"/>
          <property name="Exif/ISOSpeedRatings" value="200"/>
          <property name="Exif/Make" value="NIKON"/>
          <property name="Exif/Model" value="COOLPIX S9100  "/>
          <property name="Exif/Orientation" value="1"/>
          <property name="Exif/Software" value="COOLPIX S9100V1.0              "/>
          <property name="File/ImageHeight" value="3000"/>
          <property name="File/ImageWidth" value="4000"/>
          <property name="System/FileModifyDate" value="2017:04:04 14:58:54"/>
          <property name="System/FileSize" value="2580318"/>
        </meta>
      </photo>
    </camera>
    <camera camera_id="6">
      <photo path="../../../DSCN3389.JPG">
        <meta>
          <property name="Exif/DateTime" value="2017:04:04 14:59:06"/>
          <property name="Exif/DateTimeOriginal" value="2017:04:04 14:59:06"/>
          <property name="Exif/ExposureTime" value="0.0333333333333333"/>
          <property name="Exif/FNumber" value="3.5"/>
          <property name="Exif/FocalLength" value="4.5"/>
          <property name="Exif/FocalLengthIn35mmFilm" value="25"/>
          <property name="Exif/ISOSpeedRatings" value="200"/>
          <property name="Exif/Make" value="NIKON"/>
          <property name="Exif/Model" value="COOLPIX S9100  "/>
          <property name="Exif/Orientation" value="1"/>
          <property name="Exif/Software" value="COOLPIX S9100V1.0              "/>
          <property name="File/ImageHeight" value="3000"/>
          <property name="File/ImageWidth" value="4000"/>
          <property name="System/FileModifyDate" value="2017:04:04 14:59:06"/>
          <property name="System/FileSize" value="2746456"/>
        </meta>
      </photo>
    </camera>
    <camera camera_id="7">
      <photo path="../../../DSCN3390.JPG">
        <meta>
          <property name="Exif/DateTime" value="2017:04:04 14:59:12"/>
          <property name="Exif/DateTimeOriginal" value="2017:04:04 14:59:12"/>
          <property name="Exif/ExposureTime" value="0.0333333333333333"/>
          <property name="Exif/FNumber" value="3.5"/>
          <property name="Exif/FocalLength" value="4.5"/>
          <property name="Exif/FocalLengthIn35mmFilm" value="25"/>
          <property name="Exif/ISOSpeedRatings" value="200"/>
          <property name="Exif/Make" value="NIKON"/>
          <property name="Exif/Model" value="COOLPIX S9100  "/>
          <property name="Exif/Orientation" value="1"/>
          <property name="Exif/Software" value="COOLPIX S9100V1.0              "/>
          <property name="File/ImageHeight" value="3000"/>
          <property name="File/ImageWidth" value="4000"/>
          <property name="System/FileModifyDate" value="2017:04:04 14:59:12"/>
          <property name="System/FileSize" value="2783000"/>
        </meta>
      </photo>
    </camera>
    <camera camera_id="8">
      <photo path="../../../DSCN3391.JPG">
        <meta>
          <property name="Exif/DateTime" value="2017:04:04 14:59:32"/>
          <property name="Exif/DateTimeOriginal" value="2017:04:04 14:59:32"/>
          <property name="Exif/ExposureTime" value="0.0333333333333333"/>
          <property name="Exif/FNumber" value="3.5"/>
          <property name="Exif/FocalLength" value="4.5"/>
          <property name="Exif/FocalLengthIn35mmFilm" value="25"/>
          <property name="Exif/ISOSpeedRatings" value="200"/>
          <property name="Exif/Make" value="NIKON"/>
          <property name="Exif/Model" value="COOLPIX S9100  "/>
          <property name="Exif/Orientation" value="1"/>
          <property name="Exif/Software" value="COOLPIX S9100V1.0              "/>
          <property name="File/ImageHeight" value="3000"/>
          <property name="File/ImageWidth" value="4000"/>
          <property name="System/FileModifyDate" value="2017:04:04 14:59:32"/>
          <property name="System/FileSize" value="2732674"/>
        </meta>
      </photo>
    </camera>
    <camera camera_id="9">
      <photo path="../../../DSCN3392.JPG">
        <meta>
          <property name="Exif/DateTime" value="2017:04:04 14:59:46"/>
          <property name="Exif/DateTimeOriginal" value="2017:04:04 14:59:46"/>
          <property name="Exif/ExposureTime" value="0.0333333333333333"/>
          <property name="Exif/FNumber" value="3.5"/>
          <property name="Exif/FocalLength" value="4.5"/>
          <property name="Exif/FocalLengthIn35mmFilm" value="25"/>
          <property name="Exif/ISOSpeedRatings" value="200"/>
          <property name="Exif/Make" value="NIKON"/>
          <property name="Exif/Model" value="COOLPIX S9100  "/>
          <property name="Exif/Orientation" value="1"/>
          <property name="Exif/Software" value="COOLPIX S9100V1.0              "/>
          <property name="File/ImageHeight" value="3000"/>
          <property name="File/ImageWidth" value="4000"/>
          <property name="System/FileModifyDate" value="2017:04:04 14:59:46"/>
          <property name="System/FileSize" value="2600867"/>
        </meta>
      </photo>
    </camera>
    <camera camera_id="10">
      <photo path="../../../DSCN3393.JPG">
        <meta>
          <property name="Exif/DateTime" value="2017:04:04 14:59:57"/>
          <property name="Exif/DateTimeOriginal" value="2017:04:04 14:59:57"/>
          <property name="Exif/ExposureTime" value="0.0333333333333333"/>
          <property name="Exif/FNumber" value="3.5"/>
          <property name="Exif/FocalLength" value="4.5"/>
          <property name="Exif/FocalLengthIn35mmFilm" value="25"/>
          <property name="Exif/ISOSpeedRatings" value="200"/>
          <property name="Exif/Make" value="NIKON"/>
          <property name="Exif/Model" value="COOLPIX S9100  "/>
          <property name="Exif/Orientation" value="1"/>
          <property name="Exif/Software" value="COOLPIX S9100V1.0              "/>
          <property name="File/ImageHeight" value="3000"/>
          <property name="File/ImageWidth" value="4000"/>
          <property name="System/FileModifyDate" value="2017:04:04 14:59:56"/>
          <property name="System/FileSize" value="2556628"/>
        </meta>
      </photo>
    </camera>
    <camera camera_id="11">
      <photo path="../../../DSCN3394.JPG">
        <meta>
          <property name="Exif/DateTime" value="2017:04:04 15:00:21"/>
          <property name="Exif/DateTimeOriginal" value="2017:04:04 15:00:21"/>
          <property name="Exif/ExposureTime" value="0.0333333333333333"/>
          <property name="Exif/FNumber" value="3.5"/>
          <property name="Exif/FocalLength" value="4.5"/>
          <property name="Exif/FocalLengthIn35mmFilm" value="25"/>
          <property name="Exif/ISOSpeedRatings" value="200"/>
          <property name="Exif/Make" value="NIKON"/>
          <property name="Exif/Model" value="COOLPIX S9100  "/>
          <property name="Exif/Orientation" value="1"/>
          <property name="Exif/Software" value="COOLPIX S9100V1.0              "/>
          <property name="File/ImageHeight" value="3000"/>
          <property name="File/ImageWidth" value="4000"/>
          <property name="System/FileModifyDate" value="2017:04:04 15:00:20"/>
          <property name="System/FileSize" value="2628818"/>
        </meta>
      </photo>
    </camera>
    <camera camera_id="12">
      <photo path="../../../DSCN3395.JPG">
        <meta>
          <property name="Exif/DateTime" value="2017:04:04 15:00:34"/>
          <property name="Exif/DateTimeOriginal" value="2017:04:04 15:00:34"/>
          <property name="Exif/ExposureTime" value="0.0333333333333333"/>
          <property name="Exif/FNumber" value="3.5"/>
          <property name="Exif/FocalLength" value="4.5"/>
          <property name="Exif/FocalLengthIn35mmFilm" value="25"/>
          <property name="Exif/ISOSpeedRatings" value="200"/>
          <property name="Exif/Make" value="NIKON"/>
          <property name="Exif/Model" value="COOLPIX S9100  "/>
          <property name="Exif/Orientation" value="1"/>
          <property name="Exif/Software" value="COOLPIX S9100V1.0              "/>
          <property name="File/ImageHeight" value="3000"/>
          <property name="File/ImageWidth" value="4000"/>
          <property name="System/FileModifyDate" value="2017:04:04 15:00:34"/>
          <property name="System/FileSize" value="2581617"/>
        </meta>
      </photo>
    </camera>
    <camera camera_id="13">
      <photo path="../../../DSCN3396.JPG">
        <meta>
          <property name="Exif/DateTime" value="2017:04:04 15:00:41"/>
          <property name="Exif/DateTimeOriginal" value="2017:04:04 15:00:41"/>
          <property name="Exif/ExposureTime" value="0.0333333333333333"/>
          <property name="Exif/FNumber" value="3.5"/>
          <property name="Exif/FocalLength" value="4.5"/>
          <property name="Exif/FocalLengthIn35mmFilm" value="25"/>
          <property name="Exif/ISOSpeedRatings" value="200"/>
          <property name="Exif/Make" value="NIKON"/>
          <property name="Exif/Model" value="COOLPIX S9100  "/>
          <property name="Exif/Orientation" value="1"/>
          <property name="Exif/Software" value="COOLPIX S9100V1.0              "/>
          <property name="File/ImageHeight" value="3000"/>
          <property name="File/ImageWidth" value="4000"/>
          <property name="System/FileModifyDate" value="2017:04:04 15:00:40"/>
          <property name="System/FileSize" value="2512706"/>
        </meta>
      </photo>
    </camera>
    <camera camera_id="14">
      <photo path="../../../DSCN3397.JPG">
        <meta>
          <property name="Exif/DateTime" value="2017:04:04 15:00:52"/>
          <property name="Exif/DateTimeOriginal" value="2017:04:04 15:00:52"/>
          <property name="Exif/ExposureTime" value="0.0333333333333333"/>
          <property name="Exif/FNumber" value="3.5"/>
          <property name="Exif/FocalLength" value="4.5"/>
          <property name="Exif/FocalLengthIn35mmFilm" value="25"/>
          <property name="Exif/ISOSpeedRatings" value="200"/>
          <property name="Exif/Make" value="NIKON"/>
          <property name="Exif/Model" value="COOLPIX S9100  "/>
          <property name="Exif/Orientation" value="1"/>
          <property name="Exif/Software" value="COOLPIX S9100V1.0              "/>
          <property name="File/ImageHeight" value="3000"/>
          <property name="File/ImageWidth" value="4000"/>
          <property name="System/FileModifyDate" value="2017:04:04 15:00:52"/>
          <property name="System/FileSize" value="2698147"/>
        </meta>
      </photo>
    </camera>
    <camera camera_id="15">
      <photo path="../../../DSCN3398.JPG">
        <meta>
          <property name="Exif/DateTime" value="2017:04:04 15:01:01"/>
          <property name="Exif/DateTimeOriginal" value="2017:04:04 15:01:01"/>
          <property name="Exif/ExposureTime" value="0.0333333333333333"/>
          <property name="Exif/FNumber" value="3.5"/>
          <property name="Exif/FocalLength" value="4.5"/>
          <property name="Exif/FocalLengthIn35mmFilm" value="25"/>
          <property name="Exif/ISOSpeedRatings" value="200"/>
          <property name="Exif/Make" value="NIKON"/>
          <property name="Exif/Model" value="COOLPIX S9100  "/>
          <property name="Exif/Orientation" value="1"/>
          <property name="Exif/Software" value="COOLPIX S9100V1.0              "/>
          <property name="File/ImageHeight" value="3000"/>
          <property name="File/ImageWidth" value="4000"/>
          <property name="System/FileModifyDate" value="2017:04:04 15:01:00"/>
          <property name="System/FileSize" value="2789136"/>
        </meta>
      </photo>
    </camera>
    <camera camera_id="80">
      <photo path="../../../DSCN3399.JPG">
        <meta>
          <property name="Exif/DateTime" value="2017:04:04 15:01:09"/>
          <property name="Exif/DateTimeOriginal" value="2017:04:04 15:01:09"/>
          <property name="Exif/ExposureTime" value="0.0333333333333333"/>
          <property name="Exif/FNumber" value="3.5"/>
          <property name="Exif/FocalLength" value="4.5"/>
          <property name="Exif/FocalLengthIn35mmFilm" value="25"/>
          <property name="Exif/ISOSpeedRatings" value="200"/>
          <property name="Exif/Make" value="NIKON"/>
          <property name="Exif/Model" value="COOLPIX S9100  "/>
          <property name="Exif/Orientation" value="1"/>
          <property name="Exif/Software" value="COOLPIX S9100V1.0              "/>
          <property name="File/ImageHeight" value="3000"/>
          <property name="File/ImageWidth" value="4000"/>
          <property name="System/FileModifyDate" value="2017:04:04 15:01:08"/>
          <property name="System/FileSize" value="2782709"/>
        </meta>
      </photo>
    </camera>
    <camera camera_id="81">
      <photo path="../../../DSCN3400.JPG">
        <meta>
          <property name="Exif/DateTime" value="2017:04:04 15:01:15"/>
          <property name="Exif/DateTimeOriginal" value="2017:04:04 15:01:15"/>
          <property name="Exif/ExposureTime" value="0.0333333333333333"/>
          <property name="Exif/FNumber" value="3.5"/>
          <property name="Exif/FocalLength" value="4.5"/>
          <property name="Exif/FocalLengthIn35mmFilm" value="25"/>
          <property name="Exif/ISOSpeedRatings" value="200"/>
          <property name="Exif/Make" value="NIKON"/>
          <property name="Exif/Model" value="COOLPIX S9100  "/>
          <property name="Exif/Orientation" value="1"/>
          <property name="Exif/Software" value="COOLPIX S9100V1.0              "/>
          <property name="File/ImageHeight" value="3000"/>
          <property name="File/ImageWidth" value="4000"/>
          <property name="System/FileModifyDate" value="2017:04:04 15:01:14"/>
          <property name="System/FileSize" value="2608186"/>
        </meta>
      </photo>
    </camera>
    <camera camera_id="82">
      <photo path="../../../DSCN3401.JPG">
        <meta>
          <property name="Exif/DateTime" value="2017:04:04 15:01:33"/>
          <property name="Exif/DateTimeOriginal" value="2017:04:04 15:01:33"/>
          <property name="Exif/ExposureTime" value="0.0333333333333333"/>
          <property name="Exif/FNumber" value="3.5"/>
          <property name="Exif/FocalLength" value="4.5"/>
          <property name="Exif/FocalLengthIn35mmFilm" value="25"/>
          <property name="Exif/ISOSpeedRatings" value="200"/>
          <property name="Exif/Make" value="NIKON"/>
          <property name="Exif/Model" value="COOLPIX S9100  "/>
          <property name="Exif/Orientation" value="1"/>
          <property name="Exif/Software" value="COOLPIX S9100V1.0              "/>
          <property name="File/ImageHeight" value="3000"/>
          <property name="File/ImageWidth" value="4000"/>
          <property name="System/FileModifyDate" value="2017:04:04 15:01:32"/>
          <property name="System/FileSize" value="2788559"/>
        </meta>
      </photo>
    </camera>
    <camera camera_id="19">
      <photo path="../../../DSCN3402.JPG">
        <meta>
          <property name="Exif/DateTime" value="2017:04:04 15:01:45"/>
          <property name="Exif/DateTimeOriginal" value="2017:04:04 15:01:45"/>
          <property name="Exif/ExposureTime" value="0.0333333333333333"/>
          <property name="Exif/FNumber" value="3.5"/>
          <property name="Exif/FocalLength" value="4.5"/>
          <property name="Exif/FocalLengthIn35mmFilm" value="25"/>
          <property name="Exif/ISOSpeedRatings" value="200"/>
          <property name="Exif/Make" value="NIKON"/>
          <property name="Exif/Model" value="COOLPIX S9100  "/>
          <property name="Exif/Orientation" value="1"/>
          <property name="Exif/Software" value="COOLPIX S9100V1.0              "/>
          <property name="File/ImageHeight" value="3000"/>
          <property name="File/ImageWidth" value="4000"/>
          <property name="System/FileModifyDate" value="2017:04:04 15:01:44"/>
          <property name="System/FileSize" value="2678815"/>
        </meta>
      </photo>
    </camera>
    <camera camera_id="20">
      <photo path="../../../DSCN3403.JPG">
        <meta>
          <property name="Exif/DateTime" value="2017:04:04 15:01:51"/>
          <property name="Exif/DateTimeOriginal" value="2017:04:04 15:01:51"/>
          <property name="Exif/ExposureTime" value="0.0333333333333333"/>
          <property name="Exif/FNumber" value="3.5"/>
          <property name="Exif/FocalLength" value="4.5"/>
          <property name="Exif/FocalLengthIn35mmFilm" value="25"/>
          <property name="Exif/ISOSpeedRatings" value="200"/>
          <property name="Exif/Make" value="NIKON"/>
          <property name="Exif/Model" value="COOLPIX S9100  "/>
          <property name="Exif/Orientation" value="1"/>
          <property name="Exif/Software" value="COOLPIX S9100V1.0              "/>
          <property name="File/ImageHeight" value="3000"/>
          <property name="File/ImageWidth" value="4000"/>
          <property name="System/FileModifyDate" value="2017:04:04 15:01:50"/>
          <property name="System/FileSize" value="2776918"/>
        </meta>
      </photo>
    </camera>
    <camera camera_id="21">
      <photo path="../../../DSCN3404.JPG">
        <meta>
          <property name="Exif/DateTime" value="2017:04:04 15:02:01"/>
          <property name="Exif/DateTimeOriginal" value="2017:04:04 15:02:01"/>
          <property name="Exif/ExposureTime" value="0.0333333333333333"/>
          <property name="Exif/FNumber" value="3.5"/>
          <property name="Exif/FocalLength" value="4.5"/>
          <property name="Exif/FocalLengthIn35mmFilm" value="25"/>
          <property name="Exif/ISOSpeedRatings" value="200"/>
          <property name="Exif/Make" value="NIKON"/>
          <property name="Exif/Model" value="COOLPIX S9100  "/>
          <property name="Exif/Orientation" value="1"/>
          <property name="Exif/Software" value="COOLPIX S9100V1.0              "/>
          <property name="File/ImageHeight" value="3000"/>
          <property name="File/ImageWidth" value="4000"/>
          <property name="System/FileModifyDate" value="2017:04:04 15:02:00"/>
          <property name="System/FileSize" value="2757519"/>
        </meta>
      </photo>
    </camera>
    <camera camera_id="22">
      <photo path="../../../DSCN3405.JPG">
        <meta>
          <property name="Exif/DateTime" value="2017:04:04 15:02:06"/>
          <property name="Exif/DateTimeOriginal" value="2017:04:04 15:02:06"/>
          <property name="Exif/ExposureTime" value="0.0333333333333333"/>
          <property name="Exif/FNumber" value="3.5"/>
          <property name="Exif/FocalLength" value="4.5"/>
          <property name="Exif/FocalLengthIn35mmFilm" value="25"/>
          <property name="Exif/ISOSpeedRatings" value="200"/>
          <property name="Exif/Make" value="NIKON"/>
          <property name="Exif/Model" value="COOLPIX S9100  "/>
          <property name="Exif/Orientation" value="1"/>
          <property name="Exif/Software" value="COOLPIX S9100V1.0              "/>
          <property name="File/ImageHeight" value="3000"/>
          <property name="File/ImageWidth" value="4000"/>
          <property name="System/FileModifyDate" value="2017:04:04 15:02:06"/>
          <property name="System/FileSize" value="2505256"/>
        </meta>
      </photo>
    </camera>
    <camera camera_id="23">
      <photo path="../../../DSCN3406.JPG">
        <meta>
          <property name="Exif/DateTime" value="2017:04:04 15:02:18"/>
          <property name="Exif/DateTimeOriginal" value="2017:04:04 15:02:18"/>
          <property name="Exif/ExposureTime" value="0.0333333333333333"/>
          <property name="Exif/FNumber" value="3.5"/>
          <property name="Exif/FocalLength" value="4.5"/>
          <property name="Exif/FocalLengthIn35mmFilm" value="25"/>
          <property name="Exif/ISOSpeedRatings" value="200"/>
          <property name="Exif/Make" value="NIKON"/>
          <property name="Exif/Model" value="COOLPIX S9100  "/>
          <property name="Exif/Orientation" value="1"/>
          <property name="Exif/Software" value="COOLPIX S9100V1.0              "/>
          <property name="File/ImageHeight" value="3000"/>
          <property name="File/ImageWidth" value="4000"/>
          <property name="System/FileModifyDate" value="2017:04:04 15:02:18"/>
          <property name="System/FileSize" value="2820352"/>
        </meta>
      </photo>
    </camera>
    <camera camera_id="24">
      <photo path="../../../DSCN3407.JPG">
        <meta>
          <property name="Exif/DateTime" value="2017:04:04 15:02:28"/>
          <property name="Exif/DateTimeOriginal" value="2017:04:04 15:02:28"/>
          <property name="Exif/ExposureTime" value="0.0333333333333333"/>
          <property name="Exif/FNumber" value="3.5"/>
          <property name="Exif/FocalLength" value="4.5"/>
          <property name="Exif/FocalLengthIn35mmFilm" value="25"/>
          <property name="Exif/ISOSpeedRatings" value="200"/>
          <property name="Exif/Make" value="NIKON"/>
          <property name="Exif/Model" value="COOLPIX S9100  "/>
          <property name="Exif/Orientation" value="1"/>
          <property name="Exif/Software" value="COOLPIX S9100V1.0              "/>
          <property name="File/ImageHeight" value="3000"/>
          <property name="File/ImageWidth" value="4000"/>
          <property name="System/FileModifyDate" value="2017:04:04 15:02:28"/>
          <property name="System/FileSize" value="2710149"/>
        </meta>
      </photo>
    </camera>
    <camera camera_id="25">
      <photo path="../../../DSCN3408.JPG">
        <meta>
          <property name="Exif/DateTime" value="2017:04:04 15:02:37"/>
          <property name="Exif/DateTimeOriginal" value="2017:04:04 15:02:37"/>
          <property name="Exif/ExposureTime" value="0.0333333333333333"/>
          <property name="Exif/FNumber" value="3.5"/>
          <property name="Exif/FocalLength" value="4.5"/>
          <property name="Exif/FocalLengthIn35mmFilm" value="25"/>
          <property name="Exif/ISOSpeedRatings" value="200"/>
          <property name="Exif/Make" value="NIKON"/>
          <property name="Exif/Model" value="COOLPIX S9100  "/>
          <property name="Exif/Orientation" value="1"/>
          <property name="Exif/Software" value="COOLPIX S9100V1.0              "/>
          <property name="File/ImageHeight" value="3000"/>
          <property name="File/ImageWidth" value="4000"/>
          <property name="System/FileModifyDate" value="2017:04:04 15:02:36"/>
          <property name="System/FileSize" value="2589877"/>
        </meta>
      </photo>
    </camera>
    <camera camera_id="26">
      <photo path="../../../DSCN3409.JPG">
        <meta>
          <property name="Exif/DateTime" value="2017:04:04 15:02:44"/>
          <property name="Exif/DateTimeOriginal" value="2017:04:04 15:02:44"/>
          <property name="Exif/ExposureTime" value="0.0333333333333333"/>
          <property name="Exif/FNumber" value="3.5"/>
          <property name="Exif/FocalLength" value="4.5"/>
          <property name="Exif/FocalLengthIn35mmFilm" value="25"/>
          <property name="Exif/ISOSpeedRatings" value="200"/>
          <property name="Exif/Make" value="NIKON"/>
          <property name="Exif/Model" value="COOLPIX S9100  "/>
          <property name="Exif/Orientation" value="1"/>
          <property name="Exif/Software" value="COOLPIX S9100V1.0              "/>
          <property name="File/ImageHeight" value="3000"/>
          <property name="File/ImageWidth" value="4000"/>
          <property name="System/FileModifyDate" value="2017:04:04 15:02:44"/>
          <property name="System/FileSize" value="2617119"/>
        </meta>
      </photo>
    </camera>
  </cameras>
  <thumbnails path="thumbnails/thumbnails.zip"/>
  <point_cloud path="point_cloud/point_cloud.zip"/>
  <dense_cloud path="dense_cloud/dense_cloud.zip"/>
  <model path="model.1/model.zip"/>
</frame>
