<?xml version="1.0" encoding="UTF-8"?>
<dense_cloud version="1.2.0">
  <tiles>
    <tile path="dense_cloud.oc3">
      <totalCount>565632</totalCount>
      <validCount>42373</validCount>
      <pointCount class="0">42373</pointCount>
    </tile>
  </tiles>
  <params>
    <dataType>uint8</dataType>
    <bands>
      <band label="Red"/>
      <band label="Green"/>
      <band label="Blue"/>
    </bands>
  </params>
  <meta>
    <property name="dense_cloud/density" value="100"/>
    <property name="dense_cloud/depth_downscale" value="4"/>
    <property name="dense_cloud/depth_filter_mode" value="2"/>
    <property name="dense_cloud/duration" value="5.033"/>
    <property name="dense_cloud/resolution" value="0.0114129818327019"/>
    <property name="depth/duration" value="31.045"/>
  </meta>
</dense_cloud>
