<?xml version="1.0" encoding="UTF-8"?>
<frame>
  <cameras>
    <camera camera_id="0">
      <photo path="../../../IMG_20170323_113118.jpg">
        <meta>
          <property name="Exif/ApertureValue" value="2.52"/>
          <property name="Exif/DateTime" value="2017:03:23 11:31:19"/>
          <property name="Exif/DateTimeOriginal" value="2017:03:23 11:31:19"/>
          <property name="Exif/ExposureTime" value="0.005662769"/>
          <property name="Exif/FNumber" value="2.4"/>
          <property name="Exif/FocalLength" value="3.97"/>
          <property name="Exif/ISOSpeedRatings" value="100"/>
          <property name="Exif/Make" value="LGE"/>
          <property name="Exif/Model" value="Nexus 5"/>
          <property name="Exif/Orientation" value="1"/>
          <property name="Exif/ShutterSpeedValue" value="-7.46"/>
          <property name="File/ImageHeight" value="3264"/>
          <property name="File/ImageWidth" value="2448"/>
          <property name="System/FileModifyDate" value="2017:03:23 11:31:19"/>
          <property name="System/FileSize" value="3929441"/>
        </meta>
      </photo>
    </camera>
    <camera camera_id="1">
      <photo path="../../../IMG_20170323_113121.jpg">
        <meta>
          <property name="Exif/ApertureValue" value="2.52"/>
          <property name="Exif/DateTime" value="2017:03:23 11:31:22"/>
          <property name="Exif/DateTimeOriginal" value="2017:03:23 11:31:22"/>
          <property name="Exif/ExposureTime" value="0.005027692"/>
          <property name="Exif/FNumber" value="2.4"/>
          <property name="Exif/FocalLength" value="3.97"/>
          <property name="Exif/ISOSpeedRatings" value="100"/>
          <property name="Exif/Make" value="LGE"/>
          <property name="Exif/Model" value="Nexus 5"/>
          <property name="Exif/Orientation" value="1"/>
          <property name="Exif/ShutterSpeedValue" value="-7.63"/>
          <property name="File/ImageHeight" value="3264"/>
          <property name="File/ImageWidth" value="2448"/>
          <property name="System/FileModifyDate" value="2017:03:23 11:31:22"/>
          <property name="System/FileSize" value="2835422"/>
        </meta>
      </photo>
    </camera>
    <camera camera_id="2">
      <photo path="../../../IMG_20170323_113128.jpg">
        <meta>
          <property name="Exif/ApertureValue" value="2.52"/>
          <property name="Exif/DateTime" value="2017:03:23 11:31:29"/>
          <property name="Exif/DateTimeOriginal" value="2017:03:23 11:31:29"/>
          <property name="Exif/ExposureTime" value="0.003850154"/>
          <property name="Exif/FNumber" value="2.4"/>
          <property name="Exif/FocalLength" value="3.97"/>
          <property name="Exif/ISOSpeedRatings" value="100"/>
          <property name="Exif/Make" value="LGE"/>
          <property name="Exif/Model" value="Nexus 5"/>
          <property name="Exif/Orientation" value="1"/>
          <property name="Exif/ShutterSpeedValue" value="-8.02"/>
          <property name="File/ImageHeight" value="3264"/>
          <property name="File/ImageWidth" value="2448"/>
          <property name="System/FileModifyDate" value="2017:03:23 11:31:29"/>
          <property name="System/FileSize" value="3755184"/>
        </meta>
      </photo>
    </camera>
    <camera camera_id="3">
      <photo path="../../../IMG_20170323_113131.jpg">
        <meta>
          <property name="Exif/ApertureValue" value="2.52"/>
          <property name="Exif/DateTime" value="2017:03:23 11:31:32"/>
          <property name="Exif/DateTimeOriginal" value="2017:03:23 11:31:32"/>
          <property name="Exif/ExposureTime" value="0.004339692"/>
          <property name="Exif/FNumber" value="2.4"/>
          <property name="Exif/FocalLength" value="3.97"/>
          <property name="Exif/ISOSpeedRatings" value="100"/>
          <property name="Exif/Make" value="LGE"/>
          <property name="Exif/Model" value="Nexus 5"/>
          <property name="Exif/Orientation" value="1"/>
          <property name="Exif/ShutterSpeedValue" value="-7.84"/>
          <property name="File/ImageHeight" value="3264"/>
          <property name="File/ImageWidth" value="2448"/>
          <property name="System/FileModifyDate" value="2017:03:23 11:31:32"/>
          <property name="System/FileSize" value="3509173"/>
        </meta>
      </photo>
    </camera>
    <camera camera_id="4">
      <photo path="../../../IMG_20170323_113137.jpg">
        <meta>
          <property name="Exif/ApertureValue" value="2.52"/>
          <property name="Exif/DateTime" value="2017:03:23 11:31:38"/>
          <property name="Exif/DateTimeOriginal" value="2017:03:23 11:31:38"/>
          <property name="Exif/ExposureTime" value="0.003043077"/>
          <property name="Exif/FNumber" value="2.4"/>
          <property name="Exif/FocalLength" value="3.97"/>
          <property name="Exif/ISOSpeedRatings" value="100"/>
          <property name="Exif/Make" value="LGE"/>
          <property name="Exif/Model" value="Nexus 5"/>
          <property name="Exif/Orientation" value="1"/>
          <property name="Exif/ShutterSpeedValue" value="-8.36"/>
          <property name="File/ImageHeight" value="3264"/>
          <property name="File/ImageWidth" value="2448"/>
          <property name="System/FileModifyDate" value="2017:03:23 11:31:38"/>
          <property name="System/FileSize" value="3291538"/>
        </meta>
      </photo>
    </camera>
    <camera camera_id="5">
      <photo path="../../../IMG_20170323_113141.jpg">
        <meta>
          <property name="Exif/ApertureValue" value="2.52"/>
          <property name="Exif/DateTime" value="2017:03:23 11:31:41"/>
          <property name="Exif/DateTimeOriginal" value="2017:03:23 11:31:41"/>
          <property name="Exif/ExposureTime" value="0.004339692"/>
          <property name="Exif/FNumber" value="2.4"/>
          <property name="Exif/FocalLength" value="3.97"/>
          <property name="Exif/ISOSpeedRatings" value="100"/>
          <property name="Exif/Make" value="LGE"/>
          <property name="Exif/Model" value="Nexus 5"/>
          <property name="Exif/Orientation" value="1"/>
          <property name="Exif/ShutterSpeedValue" value="-7.84"/>
          <property name="File/ImageHeight" value="3264"/>
          <property name="File/ImageWidth" value="2448"/>
          <property name="System/FileModifyDate" value="2017:03:23 11:31:41"/>
          <property name="System/FileSize" value="3342367"/>
        </meta>
      </photo>
    </camera>
    <camera camera_id="6">
      <photo path="../../../IMG_20170323_113151.jpg">
        <meta>
          <property name="Exif/ApertureValue" value="2.52"/>
          <property name="Exif/DateTime" value="2017:03:23 11:31:52"/>
          <property name="Exif/DateTimeOriginal" value="2017:03:23 11:31:52"/>
          <property name="Exif/ExposureTime" value="0.002699077"/>
          <property name="Exif/FNumber" value="2.4"/>
          <property name="Exif/FocalLength" value="3.97"/>
          <property name="Exif/ISOSpeedRatings" value="100"/>
          <property name="Exif/Make" value="LGE"/>
          <property name="Exif/Model" value="Nexus 5"/>
          <property name="Exif/Orientation" value="1"/>
          <property name="Exif/ShutterSpeedValue" value="-8.53"/>
          <property name="File/ImageHeight" value="3264"/>
          <property name="File/ImageWidth" value="2448"/>
          <property name="System/FileModifyDate" value="2017:03:23 11:31:52"/>
          <property name="System/FileSize" value="3511562"/>
        </meta>
      </photo>
    </camera>
    <camera camera_id="7">
      <photo path="../../../IMG_20170323_113155.jpg">
        <meta>
          <property name="Exif/ApertureValue" value="2.52"/>
          <property name="Exif/DateTime" value="2017:03:23 11:31:55"/>
          <property name="Exif/DateTimeOriginal" value="2017:03:23 11:31:55"/>
          <property name="Exif/ExposureTime" value="0.004088307"/>
          <property name="Exif/FNumber" value="2.4"/>
          <property name="Exif/FocalLength" value="3.97"/>
          <property name="Exif/ISOSpeedRatings" value="100"/>
          <property name="Exif/Make" value="LGE"/>
          <property name="Exif/Model" value="Nexus 5"/>
          <property name="Exif/Orientation" value="1"/>
          <property name="Exif/ShutterSpeedValue" value="-7.93"/>
          <property name="File/ImageHeight" value="3264"/>
          <property name="File/ImageWidth" value="2448"/>
          <property name="System/FileModifyDate" value="2017:03:23 11:31:55"/>
          <property name="System/FileSize" value="3538747"/>
        </meta>
      </photo>
    </camera>
    <camera camera_id="8">
      <photo path="../../../IMG_20170323_113200.jpg">
        <meta>
          <property name="Exif/ApertureValue" value="2.52"/>
          <property name="Exif/DateTime" value="2017:03:23 11:32:01"/>
          <property name="Exif/DateTimeOriginal" value="2017:03:23 11:32:01"/>
          <property name="Exif/ExposureTime" value="0.002394769"/>
          <property name="Exif/FNumber" value="2.4"/>
          <property name="Exif/FocalLength" value="3.97"/>
          <property name="Exif/ISOSpeedRatings" value="100"/>
          <property name="Exif/Make" value="LGE"/>
          <property name="Exif/Model" value="Nexus 5"/>
          <property name="Exif/Orientation" value="1"/>
          <property name="Exif/ShutterSpeedValue" value="-8.7"/>
          <property name="File/ImageHeight" value="3264"/>
          <property name="File/ImageWidth" value="2448"/>
          <property name="System/FileModifyDate" value="2017:03:23 11:32:01"/>
          <property name="System/FileSize" value="3667359"/>
        </meta>
      </photo>
    </camera>
    <camera camera_id="9">
      <photo path="../../../IMG_20170323_113204.jpg">
        <meta>
          <property name="Exif/ApertureValue" value="2.52"/>
          <property name="Exif/DateTime" value="2017:03:23 11:32:04"/>
          <property name="Exif/DateTimeOriginal" value="2017:03:23 11:32:04"/>
          <property name="Exif/ExposureTime" value="0.00396923"/>
          <property name="Exif/FNumber" value="2.4"/>
          <property name="Exif/FocalLength" value="3.97"/>
          <property name="Exif/ISOSpeedRatings" value="100"/>
          <property name="Exif/Make" value="LGE"/>
          <property name="Exif/Model" value="Nexus 5"/>
          <property name="Exif/Orientation" value="1"/>
          <property name="Exif/ShutterSpeedValue" value="-7.97"/>
          <property name="File/ImageHeight" value="3264"/>
          <property name="File/ImageWidth" value="2448"/>
          <property name="System/FileModifyDate" value="2017:03:23 11:32:04"/>
          <property name="System/FileSize" value="3469206"/>
        </meta>
      </photo>
    </camera>
    <camera camera_id="10">
      <photo path="../../../IMG_20170323_113208.jpg">
        <meta>
          <property name="Exif/ApertureValue" value="2.52"/>
          <property name="Exif/DateTime" value="2017:03:23 11:32:09"/>
          <property name="Exif/DateTimeOriginal" value="2017:03:23 11:32:09"/>
          <property name="Exif/ExposureTime" value="0.002130153"/>
          <property name="Exif/FNumber" value="2.4"/>
          <property name="Exif/FocalLength" value="3.97"/>
          <property name="Exif/ISOSpeedRatings" value="100"/>
          <property name="Exif/Make" value="LGE"/>
          <property name="Exif/Model" value="Nexus 5"/>
          <property name="Exif/Orientation" value="1"/>
          <property name="Exif/ShutterSpeedValue" value="-8.87"/>
          <property name="File/ImageHeight" value="3264"/>
          <property name="File/ImageWidth" value="2448"/>
          <property name="System/FileModifyDate" value="2017:03:23 11:32:09"/>
          <property name="System/FileSize" value="3504877"/>
        </meta>
      </photo>
    </camera>
    <camera camera_id="11">
      <photo path="../../../IMG_20170323_113211.jpg">
        <meta>
          <property name="Exif/ApertureValue" value="2.52"/>
          <property name="Exif/DateTime" value="2017:03:23 11:32:11"/>
          <property name="Exif/DateTimeOriginal" value="2017:03:23 11:32:11"/>
          <property name="Exif/ExposureTime" value="0.00396923"/>
          <property name="Exif/FNumber" value="2.4"/>
          <property name="Exif/FocalLength" value="3.97"/>
          <property name="Exif/ISOSpeedRatings" value="100"/>
          <property name="Exif/Make" value="LGE"/>
          <property name="Exif/Model" value="Nexus 5"/>
          <property name="Exif/Orientation" value="1"/>
          <property name="Exif/ShutterSpeedValue" value="-7.97"/>
          <property name="File/ImageHeight" value="3264"/>
          <property name="File/ImageWidth" value="2448"/>
          <property name="System/FileModifyDate" value="2017:03:23 11:32:11"/>
          <property name="System/FileSize" value="3720083"/>
        </meta>
      </photo>
    </camera>
    <camera camera_id="12">
      <photo path="../../../IMG_20170323_113218.jpg">
        <meta>
          <property name="Exif/ApertureValue" value="2.52"/>
          <property name="Exif/DateTime" value="2017:03:23 11:32:19"/>
          <property name="Exif/DateTimeOriginal" value="2017:03:23 11:32:19"/>
          <property name="Exif/ExposureTime" value="0.002196307"/>
          <property name="Exif/FNumber" value="2.4"/>
          <property name="Exif/FocalLength" value="3.97"/>
          <property name="Exif/ISOSpeedRatings" value="100"/>
          <property name="Exif/Make" value="LGE"/>
          <property name="Exif/Model" value="Nexus 5"/>
          <property name="Exif/Orientation" value="1"/>
          <property name="Exif/ShutterSpeedValue" value="-8.83"/>
          <property name="File/ImageHeight" value="3264"/>
          <property name="File/ImageWidth" value="2448"/>
          <property name="System/FileModifyDate" value="2017:03:23 11:32:19"/>
          <property name="System/FileSize" value="3757402"/>
        </meta>
      </photo>
    </camera>
    <camera camera_id="13">
      <photo path="../../../IMG_20170323_113222.jpg">
        <meta>
          <property name="Exif/ApertureValue" value="2.52"/>
          <property name="Exif/DateTime" value="2017:03:23 11:32:23"/>
          <property name="Exif/DateTimeOriginal" value="2017:03:23 11:32:23"/>
          <property name="Exif/ExposureTime" value="0.003228307"/>
          <property name="Exif/FNumber" value="2.4"/>
          <property name="Exif/FocalLength" value="3.97"/>
          <property name="Exif/ISOSpeedRatings" value="100"/>
          <property name="Exif/Make" value="LGE"/>
          <property name="Exif/Model" value="Nexus 5"/>
          <property name="Exif/Orientation" value="1"/>
          <property name="Exif/ShutterSpeedValue" value="-8.27"/>
          <property name="File/ImageHeight" value="3264"/>
          <property name="File/ImageWidth" value="2448"/>
          <property name="System/FileModifyDate" value="2017:03:23 11:32:23"/>
          <property name="System/FileSize" value="3663415"/>
        </meta>
      </photo>
    </camera>
    <camera camera_id="14">
      <photo path="../../../IMG_20170323_121615.jpg">
        <meta>
          <property name="Exif/ApertureValue" value="2.52"/>
          <property name="Exif/DateTime" value="2017:03:23 12:16:15"/>
          <property name="Exif/DateTimeOriginal" value="2017:03:23 12:16:15"/>
          <property name="Exif/ExposureTime" value="0.004736615"/>
          <property name="Exif/FNumber" value="2.4"/>
          <property name="Exif/FocalLength" value="3.97"/>
          <property name="Exif/ISOSpeedRatings" value="100"/>
          <property name="Exif/Make" value="LGE"/>
          <property name="Exif/Model" value="Nexus 5"/>
          <property name="Exif/Orientation" value="1"/>
          <property name="Exif/ShutterSpeedValue" value="-7.72"/>
          <property name="File/ImageHeight" value="3264"/>
          <property name="File/ImageWidth" value="2448"/>
          <property name="System/FileModifyDate" value="2017:03:23 12:16:15"/>
          <property name="System/FileSize" value="3756737"/>
        </meta>
      </photo>
    </camera>
    <camera camera_id="15">
      <photo path="../../../IMG_20170323_121617.jpg">
        <meta>
          <property name="Exif/ApertureValue" value="2.52"/>
          <property name="Exif/DateTime" value="2017:03:23 12:16:18"/>
          <property name="Exif/DateTimeOriginal" value="2017:03:23 12:16:18"/>
          <property name="Exif/ExposureTime" value="0.007700308"/>
          <property name="Exif/FNumber" value="2.4"/>
          <property name="Exif/FocalLength" value="3.97"/>
          <property name="Exif/ISOSpeedRatings" value="101"/>
          <property name="Exif/Make" value="LGE"/>
          <property name="Exif/Model" value="Nexus 5"/>
          <property name="Exif/Orientation" value="1"/>
          <property name="Exif/ShutterSpeedValue" value="-7.02"/>
          <property name="File/ImageHeight" value="3264"/>
          <property name="File/ImageWidth" value="2448"/>
          <property name="System/FileModifyDate" value="2017:03:23 12:16:18"/>
          <property name="System/FileSize" value="3226334"/>
        </meta>
      </photo>
    </camera>
    <camera camera_id="16">
      <photo path="../../../IMG_20170323_121622.jpg">
        <meta>
          <property name="Exif/ApertureValue" value="2.52"/>
          <property name="Exif/DateTime" value="2017:03:23 12:16:22"/>
          <property name="Exif/DateTimeOriginal" value="2017:03:23 12:16:22"/>
          <property name="Exif/ExposureTime" value="0.005662769"/>
          <property name="Exif/FNumber" value="2.4"/>
          <property name="Exif/FocalLength" value="3.97"/>
          <property name="Exif/ISOSpeedRatings" value="100"/>
          <property name="Exif/Make" value="LGE"/>
          <property name="Exif/Model" value="Nexus 5"/>
          <property name="Exif/Orientation" value="1"/>
          <property name="Exif/ShutterSpeedValue" value="-7.46"/>
          <property name="File/ImageHeight" value="3264"/>
          <property name="File/ImageWidth" value="2448"/>
          <property name="System/FileModifyDate" value="2017:03:23 12:16:22"/>
          <property name="System/FileSize" value="3882474"/>
        </meta>
      </photo>
    </camera>
    <camera camera_id="17">
      <photo path="../../../IMG_20170323_121624.jpg">
        <meta>
          <property name="Exif/ApertureValue" value="2.52"/>
          <property name="Exif/DateTime" value="2017:03:23 12:16:25"/>
          <property name="Exif/DateTimeOriginal" value="2017:03:23 12:16:25"/>
          <property name="Exif/ExposureTime" value="0.008123692"/>
          <property name="Exif/FNumber" value="2.4"/>
          <property name="Exif/FocalLength" value="3.97"/>
          <property name="Exif/ISOSpeedRatings" value="102"/>
          <property name="Exif/Make" value="LGE"/>
          <property name="Exif/Model" value="Nexus 5"/>
          <property name="Exif/Orientation" value="1"/>
          <property name="Exif/ShutterSpeedValue" value="-6.94"/>
          <property name="File/ImageHeight" value="3264"/>
          <property name="File/ImageWidth" value="2448"/>
          <property name="System/FileModifyDate" value="2017:03:23 12:16:25"/>
          <property name="System/FileSize" value="3330498"/>
        </meta>
      </photo>
    </camera>
    <camera camera_id="18">
      <photo path="../../../IMG_20170323_121628.jpg">
        <meta>
          <property name="Exif/ApertureValue" value="2.52"/>
          <property name="Exif/DateTime" value="2017:03:23 12:16:29"/>
          <property name="Exif/DateTimeOriginal" value="2017:03:23 12:16:29"/>
          <property name="Exif/ExposureTime" value="0.005834769"/>
          <property name="Exif/FNumber" value="2.4"/>
          <property name="Exif/FocalLength" value="3.97"/>
          <property name="Exif/ISOSpeedRatings" value="100"/>
          <property name="Exif/Make" value="LGE"/>
          <property name="Exif/Model" value="Nexus 5"/>
          <property name="Exif/Orientation" value="1"/>
          <property name="Exif/ShutterSpeedValue" value="-7.42"/>
          <property name="File/ImageHeight" value="3264"/>
          <property name="File/ImageWidth" value="2448"/>
          <property name="System/FileModifyDate" value="2017:03:23 12:16:29"/>
          <property name="System/FileSize" value="3875585"/>
        </meta>
      </photo>
    </camera>
    <camera camera_id="19">
      <photo path="../../../IMG_20170323_121631.jpg">
        <meta>
          <property name="Exif/ApertureValue" value="2.52"/>
          <property name="Exif/DateTime" value="2017:03:23 12:16:31"/>
          <property name="Exif/DateTimeOriginal" value="2017:03:23 12:16:31"/>
          <property name="Exif/ExposureTime" value="0.008123692"/>
          <property name="Exif/FNumber" value="2.4"/>
          <property name="Exif/FocalLength" value="3.97"/>
          <property name="Exif/ISOSpeedRatings" value="102"/>
          <property name="Exif/Make" value="LGE"/>
          <property name="Exif/Model" value="Nexus 5"/>
          <property name="Exif/Orientation" value="1"/>
          <property name="Exif/ShutterSpeedValue" value="-6.94"/>
          <property name="File/ImageHeight" value="3264"/>
          <property name="File/ImageWidth" value="2448"/>
          <property name="System/FileModifyDate" value="2017:03:23 12:16:31"/>
          <property name="System/FileSize" value="3484977"/>
        </meta>
      </photo>
    </camera>
    <camera camera_id="20">
      <photo path="../../../IMG_20170323_121635.jpg">
        <meta>
          <property name="Exif/ApertureValue" value="2.52"/>
          <property name="Exif/DateTime" value="2017:03:23 12:16:35"/>
          <property name="Exif/DateTimeOriginal" value="2017:03:23 12:16:35"/>
          <property name="Exif/ExposureTime" value="0.004882154"/>
          <property name="Exif/FNumber" value="2.4"/>
          <property name="Exif/FocalLength" value="3.97"/>
          <property name="Exif/ISOSpeedRatings" value="100"/>
          <property name="Exif/Make" value="LGE"/>
          <property name="Exif/Model" value="Nexus 5"/>
          <property name="Exif/Orientation" value="1"/>
          <property name="Exif/ShutterSpeedValue" value="-7.67"/>
          <property name="File/ImageHeight" value="3264"/>
          <property name="File/ImageWidth" value="2448"/>
          <property name="System/FileModifyDate" value="2017:03:23 12:16:35"/>
          <property name="System/FileSize" value="3679081"/>
        </meta>
      </photo>
    </camera>
    <camera camera_id="21">
      <photo path="../../../IMG_20170323_121636.jpg">
        <meta>
          <property name="Exif/ApertureValue" value="2.52"/>
          <property name="Exif/DateTime" value="2017:03:23 12:16:37"/>
          <property name="Exif/DateTimeOriginal" value="2017:03:23 12:16:37"/>
          <property name="Exif/ExposureTime" value="0.004882154"/>
          <property name="Exif/FNumber" value="2.4"/>
          <property name="Exif/FocalLength" value="3.97"/>
          <property name="Exif/ISOSpeedRatings" value="100"/>
          <property name="Exif/Make" value="LGE"/>
          <property name="Exif/Model" value="Nexus 5"/>
          <property name="Exif/Orientation" value="1"/>
          <property name="Exif/ShutterSpeedValue" value="-7.67"/>
          <property name="File/ImageHeight" value="3264"/>
          <property name="File/ImageWidth" value="2448"/>
          <property name="System/FileModifyDate" value="2017:03:23 12:16:37"/>
          <property name="System/FileSize" value="3687909"/>
        </meta>
      </photo>
    </camera>
    <camera camera_id="22">
      <photo path="../../../IMG_20170323_121639.jpg">
        <meta>
          <property name="Exif/ApertureValue" value="2.52"/>
          <property name="Exif/DateTime" value="2017:03:23 12:16:39"/>
          <property name="Exif/DateTimeOriginal" value="2017:03:23 12:16:39"/>
          <property name="Exif/ExposureTime" value="0.007700308"/>
          <property name="Exif/FNumber" value="2.4"/>
          <property name="Exif/FocalLength" value="3.97"/>
          <property name="Exif/ISOSpeedRatings" value="101"/>
          <property name="Exif/Make" value="LGE"/>
          <property name="Exif/Model" value="Nexus 5"/>
          <property name="Exif/Orientation" value="1"/>
          <property name="Exif/ShutterSpeedValue" value="-7.02"/>
          <property name="File/ImageHeight" value="3264"/>
          <property name="File/ImageWidth" value="2448"/>
          <property name="System/FileModifyDate" value="2017:03:23 12:16:39"/>
          <property name="System/FileSize" value="2991610"/>
        </meta>
      </photo>
    </camera>
    <camera camera_id="23">
      <photo path="../../../IMG_20170323_121643.jpg">
        <meta>
          <property name="Exif/ApertureValue" value="2.52"/>
          <property name="Exif/DateTime" value="2017:03:23 12:16:43"/>
          <property name="Exif/DateTimeOriginal" value="2017:03:23 12:16:43"/>
          <property name="Exif/ExposureTime" value="0.005332"/>
          <property name="Exif/FNumber" value="2.4"/>
          <property name="Exif/FocalLength" value="3.97"/>
          <property name="Exif/ISOSpeedRatings" value="100"/>
          <property name="Exif/Make" value="LGE"/>
          <property name="Exif/Model" value="Nexus 5"/>
          <property name="Exif/Orientation" value="1"/>
          <property name="Exif/ShutterSpeedValue" value="-7.55"/>
          <property name="File/ImageHeight" value="3264"/>
          <property name="File/ImageWidth" value="2448"/>
          <property name="System/FileModifyDate" value="2017:03:23 12:16:43"/>
          <property name="System/FileSize" value="3559807"/>
        </meta>
      </photo>
    </camera>
    <camera camera_id="24">
      <photo path="../../../IMG_20170323_121645.jpg">
        <meta>
          <property name="Exif/ApertureValue" value="2.52"/>
          <property name="Exif/DateTime" value="2017:03:23 12:16:46"/>
          <property name="Exif/DateTimeOriginal" value="2017:03:23 12:16:46"/>
          <property name="Exif/ExposureTime" value="0.006178769"/>
          <property name="Exif/FNumber" value="2.4"/>
          <property name="Exif/FocalLength" value="3.97"/>
          <property name="Exif/ISOSpeedRatings" value="100"/>
          <property name="Exif/Make" value="LGE"/>
          <property name="Exif/Model" value="Nexus 5"/>
          <property name="Exif/Orientation" value="1"/>
          <property name="Exif/ShutterSpeedValue" value="-7.33"/>
          <property name="File/ImageHeight" value="3264"/>
          <property name="File/ImageWidth" value="2448"/>
          <property name="System/FileModifyDate" value="2017:03:23 12:16:46"/>
          <property name="System/FileSize" value="3198218"/>
        </meta>
      </photo>
    </camera>
    <camera camera_id="25">
      <photo path="../../../IMG_20170323_121650.jpg">
        <meta>
          <property name="Exif/ApertureValue" value="2.52"/>
          <property name="Exif/DateTime" value="2017:03:23 12:16:50"/>
          <property name="Exif/DateTimeOriginal" value="2017:03:23 12:16:50"/>
          <property name="Exif/ExposureTime" value="0.006364"/>
          <property name="Exif/FNumber" value="2.4"/>
          <property name="Exif/FocalLength" value="3.97"/>
          <property name="Exif/ISOSpeedRatings" value="100"/>
          <property name="Exif/Make" value="LGE"/>
          <property name="Exif/Model" value="Nexus 5"/>
          <property name="Exif/Orientation" value="1"/>
          <property name="Exif/ShutterSpeedValue" value="-7.29"/>
          <property name="File/ImageHeight" value="3264"/>
          <property name="File/ImageWidth" value="2448"/>
          <property name="System/FileModifyDate" value="2017:03:23 12:16:50"/>
          <property name="System/FileSize" value="3961248"/>
        </meta>
      </photo>
    </camera>
    <camera camera_id="26">
      <photo path="../../../IMG_20170323_121652.jpg">
        <meta>
          <property name="Exif/ApertureValue" value="2.52"/>
          <property name="Exif/DateTime" value="2017:03:23 12:16:52"/>
          <property name="Exif/DateTimeOriginal" value="2017:03:23 12:16:52"/>
          <property name="Exif/ExposureTime" value="0.007501846"/>
          <property name="Exif/FNumber" value="2.4"/>
          <property name="Exif/FocalLength" value="3.97"/>
          <property name="Exif/ISOSpeedRatings" value="101"/>
          <property name="Exif/Make" value="LGE"/>
          <property name="Exif/Model" value="Nexus 5"/>
          <property name="Exif/Orientation" value="1"/>
          <property name="Exif/ShutterSpeedValue" value="-7.05"/>
          <property name="File/ImageHeight" value="3264"/>
          <property name="File/ImageWidth" value="2448"/>
          <property name="System/FileModifyDate" value="2017:03:23 12:16:52"/>
          <property name="System/FileSize" value="3241615"/>
        </meta>
      </photo>
    </camera>
    <camera camera_id="27">
      <photo path="../../../IMG_20170323_121656.jpg">
        <meta>
          <property name="Exif/ApertureValue" value="2.52"/>
          <property name="Exif/DateTime" value="2017:03:23 12:16:57"/>
          <property name="Exif/DateTimeOriginal" value="2017:03:23 12:16:57"/>
          <property name="Exif/ExposureTime" value="0.005662769"/>
          <property name="Exif/FNumber" value="2.4"/>
          <property name="Exif/FocalLength" value="3.97"/>
          <property name="Exif/ISOSpeedRatings" value="100"/>
          <property name="Exif/Make" value="LGE"/>
          <property name="Exif/Model" value="Nexus 5"/>
          <property name="Exif/Orientation" value="1"/>
          <property name="Exif/ShutterSpeedValue" value="-7.46"/>
          <property name="File/ImageHeight" value="3264"/>
          <property name="File/ImageWidth" value="2448"/>
          <property name="System/FileModifyDate" value="2017:03:23 12:16:57"/>
          <property name="System/FileSize" value="3716341"/>
        </meta>
      </photo>
    </camera>
    <camera camera_id="28">
      <photo path="../../../IMG_20170323_121700.jpg">
        <meta>
          <property name="Exif/ApertureValue" value="2.52"/>
          <property name="Exif/DateTime" value="2017:03:23 12:17:00"/>
          <property name="Exif/DateTimeOriginal" value="2017:03:23 12:17:00"/>
          <property name="Exif/ExposureTime" value="0.006919692"/>
          <property name="Exif/FNumber" value="2.4"/>
          <property name="Exif/FocalLength" value="3.97"/>
          <property name="Exif/ISOSpeedRatings" value="100"/>
          <property name="Exif/Make" value="LGE"/>
          <property name="Exif/Model" value="Nexus 5"/>
          <property name="Exif/Orientation" value="1"/>
          <property name="Exif/ShutterSpeedValue" value="-7.17"/>
          <property name="File/ImageHeight" value="3264"/>
          <property name="File/ImageWidth" value="2448"/>
          <property name="System/FileModifyDate" value="2017:03:23 12:17:00"/>
          <property name="System/FileSize" value="3918213"/>
        </meta>
      </photo>
    </camera>
    <camera camera_id="29">
      <photo path="../../../IMG_20170323_121704.jpg">
        <meta>
          <property name="Exif/ApertureValue" value="2.52"/>
          <property name="Exif/DateTime" value="2017:03:23 12:17:05"/>
          <property name="Exif/DateTimeOriginal" value="2017:03:23 12:17:05"/>
          <property name="Exif/ExposureTime" value="0.007303384"/>
          <property name="Exif/FNumber" value="2.4"/>
          <property name="Exif/FocalLength" value="3.97"/>
          <property name="Exif/ISOSpeedRatings" value="101"/>
          <property name="Exif/Make" value="LGE"/>
          <property name="Exif/Model" value="Nexus 5"/>
          <property name="Exif/Orientation" value="1"/>
          <property name="Exif/ShutterSpeedValue" value="-7.09"/>
          <property name="File/ImageHeight" value="3264"/>
          <property name="File/ImageWidth" value="2448"/>
          <property name="System/FileModifyDate" value="2017:03:23 12:17:05"/>
          <property name="System/FileSize" value="3971088"/>
        </meta>
      </photo>
    </camera>
    <camera camera_id="30">
      <photo path="../../../IMG_20170323_121707.jpg">
        <meta>
          <property name="Exif/ApertureValue" value="2.52"/>
          <property name="Exif/DateTime" value="2017:03:23 12:17:08"/>
          <property name="Exif/DateTimeOriginal" value="2017:03:23 12:17:08"/>
          <property name="Exif/ExposureTime" value="0.008335384"/>
          <property name="Exif/FNumber" value="2.4"/>
          <property name="Exif/FocalLength" value="3.97"/>
          <property name="Exif/ISOSpeedRatings" value="106"/>
          <property name="Exif/Make" value="LGE"/>
          <property name="Exif/Model" value="Nexus 5"/>
          <property name="Exif/Orientation" value="1"/>
          <property name="Exif/ShutterSpeedValue" value="-6.9"/>
          <property name="File/ImageHeight" value="3264"/>
          <property name="File/ImageWidth" value="2448"/>
          <property name="System/FileModifyDate" value="2017:03:23 12:17:08"/>
          <property name="System/FileSize" value="3952811"/>
        </meta>
      </photo>
    </camera>
    <camera camera_id="31">
      <photo path="../../../IMG_20170323_121712.jpg">
        <meta>
          <property name="Exif/ApertureValue" value="2.52"/>
          <property name="Exif/DateTime" value="2017:03:23 12:17:12"/>
          <property name="Exif/DateTimeOriginal" value="2017:03:23 12:17:12"/>
          <property name="Exif/ExposureTime" value="0.008335384"/>
          <property name="Exif/FNumber" value="2.4"/>
          <property name="Exif/FocalLength" value="3.97"/>
          <property name="Exif/ISOSpeedRatings" value="103"/>
          <property name="Exif/Make" value="LGE"/>
          <property name="Exif/Model" value="Nexus 5"/>
          <property name="Exif/Orientation" value="1"/>
          <property name="Exif/ShutterSpeedValue" value="-6.9"/>
          <property name="File/ImageHeight" value="3264"/>
          <property name="File/ImageWidth" value="2448"/>
          <property name="System/FileModifyDate" value="2017:03:23 12:17:12"/>
          <property name="System/FileSize" value="4011150"/>
        </meta>
      </photo>
    </camera>
    <camera camera_id="32">
      <photo path="../../../IMG_20170323_121715.jpg">
        <meta>
          <property name="Exif/ApertureValue" value="2.52"/>
          <property name="Exif/DateTime" value="2017:03:23 12:17:15"/>
          <property name="Exif/DateTimeOriginal" value="2017:03:23 12:17:15"/>
          <property name="Exif/ExposureTime" value="0.008335384"/>
          <property name="Exif/FNumber" value="2.4"/>
          <property name="Exif/FocalLength" value="3.97"/>
          <property name="Exif/ISOSpeedRatings" value="106"/>
          <property name="Exif/Make" value="LGE"/>
          <property name="Exif/Model" value="Nexus 5"/>
          <property name="Exif/Orientation" value="1"/>
          <property name="Exif/ShutterSpeedValue" value="-6.9"/>
          <property name="File/ImageHeight" value="3264"/>
          <property name="File/ImageWidth" value="2448"/>
          <property name="System/FileModifyDate" value="2017:03:23 12:17:15"/>
          <property name="System/FileSize" value="3974418"/>
        </meta>
      </photo>
    </camera>
    <camera camera_id="33">
      <photo path="../../../IMG_20170323_121719.jpg">
        <meta>
          <property name="Exif/ApertureValue" value="2.52"/>
          <property name="Exif/DateTime" value="2017:03:23 12:17:20"/>
          <property name="Exif/DateTimeOriginal" value="2017:03:23 12:17:20"/>
          <property name="Exif/ExposureTime" value="0.008335384"/>
          <property name="Exif/FNumber" value="2.4"/>
          <property name="Exif/FocalLength" value="3.97"/>
          <property name="Exif/ISOSpeedRatings" value="103"/>
          <property name="Exif/Make" value="LGE"/>
          <property name="Exif/Model" value="Nexus 5"/>
          <property name="Exif/Orientation" value="1"/>
          <property name="Exif/ShutterSpeedValue" value="-6.9"/>
          <property name="File/ImageHeight" value="3264"/>
          <property name="File/ImageWidth" value="2448"/>
          <property name="System/FileModifyDate" value="2017:03:23 12:17:20"/>
          <property name="System/FileSize" value="4015950"/>
        </meta>
      </photo>
    </camera>
    <camera camera_id="34">
      <photo path="../../../IMG_20170323_121722.jpg">
        <meta>
          <property name="Exif/ApertureValue" value="2.52"/>
          <property name="Exif/DateTime" value="2017:03:23 12:17:23"/>
          <property name="Exif/DateTimeOriginal" value="2017:03:23 12:17:23"/>
          <property name="Exif/ExposureTime" value="0.008335384"/>
          <property name="Exif/FNumber" value="2.4"/>
          <property name="Exif/FocalLength" value="3.97"/>
          <property name="Exif/ISOSpeedRatings" value="106"/>
          <property name="Exif/Make" value="LGE"/>
          <property name="Exif/Model" value="Nexus 5"/>
          <property name="Exif/Orientation" value="1"/>
          <property name="Exif/ShutterSpeedValue" value="-6.9"/>
          <property name="File/ImageHeight" value="3264"/>
          <property name="File/ImageWidth" value="2448"/>
          <property name="System/FileModifyDate" value="2017:03:23 12:17:23"/>
          <property name="System/FileSize" value="4019952"/>
        </meta>
      </photo>
    </camera>
    <camera camera_id="35">
      <photo path="../../../IMG_20170323_121727.jpg">
        <meta>
          <property name="Exif/ApertureValue" value="2.52"/>
          <property name="Exif/DateTime" value="2017:03:23 12:17:28"/>
          <property name="Exif/DateTimeOriginal" value="2017:03:23 12:17:28"/>
          <property name="Exif/ExposureTime" value="0.008335384"/>
          <property name="Exif/FNumber" value="2.4"/>
          <property name="Exif/FocalLength" value="3.97"/>
          <property name="Exif/ISOSpeedRatings" value="109"/>
          <property name="Exif/Make" value="LGE"/>
          <property name="Exif/Model" value="Nexus 5"/>
          <property name="Exif/Orientation" value="1"/>
          <property name="Exif/ShutterSpeedValue" value="-6.9"/>
          <property name="File/ImageHeight" value="3264"/>
          <property name="File/ImageWidth" value="2448"/>
          <property name="System/FileModifyDate" value="2017:03:23 12:17:28"/>
          <property name="System/FileSize" value="3965078"/>
        </meta>
      </photo>
    </camera>
    <camera camera_id="36">
      <photo path="../../../IMG_20170323_121731.jpg">
        <meta>
          <property name="Exif/ApertureValue" value="2.52"/>
          <property name="Exif/DateTime" value="2017:03:23 12:17:31"/>
          <property name="Exif/DateTimeOriginal" value="2017:03:23 12:17:31"/>
          <property name="Exif/ExposureTime" value="0.008335384"/>
          <property name="Exif/FNumber" value="2.4"/>
          <property name="Exif/FocalLength" value="3.97"/>
          <property name="Exif/ISOSpeedRatings" value="103"/>
          <property name="Exif/Make" value="LGE"/>
          <property name="Exif/Model" value="Nexus 5"/>
          <property name="Exif/Orientation" value="1"/>
          <property name="Exif/ShutterSpeedValue" value="-6.9"/>
          <property name="File/ImageHeight" value="3264"/>
          <property name="File/ImageWidth" value="2448"/>
          <property name="System/FileModifyDate" value="2017:03:23 12:17:31"/>
          <property name="System/FileSize" value="3942860"/>
        </meta>
      </photo>
    </camera>
    <camera camera_id="37">
      <photo path="../../../IMG_20170323_121735.jpg">
        <meta>
          <property name="Exif/ApertureValue" value="2.52"/>
          <property name="Exif/DateTime" value="2017:03:23 12:17:35"/>
          <property name="Exif/DateTimeOriginal" value="2017:03:23 12:17:35"/>
          <property name="Exif/ExposureTime" value="0.008123692"/>
          <property name="Exif/FNumber" value="2.4"/>
          <property name="Exif/FocalLength" value="3.97"/>
          <property name="Exif/ISOSpeedRatings" value="102"/>
          <property name="Exif/Make" value="LGE"/>
          <property name="Exif/Model" value="Nexus 5"/>
          <property name="Exif/Orientation" value="1"/>
          <property name="Exif/ShutterSpeedValue" value="-6.94"/>
          <property name="File/ImageHeight" value="3264"/>
          <property name="File/ImageWidth" value="2448"/>
          <property name="System/FileModifyDate" value="2017:03:23 12:17:35"/>
          <property name="System/FileSize" value="3817834"/>
        </meta>
      </photo>
    </camera>
    <camera camera_id="38">
      <photo path="../../../IMG_20170323_121738.jpg">
        <meta>
          <property name="Exif/ApertureValue" value="2.52"/>
          <property name="Exif/DateTime" value="2017:03:23 12:17:38"/>
          <property name="Exif/DateTimeOriginal" value="2017:03:23 12:17:38"/>
          <property name="Exif/ExposureTime" value="0.008123692"/>
          <property name="Exif/FNumber" value="2.4"/>
          <property name="Exif/FocalLength" value="3.97"/>
          <property name="Exif/ISOSpeedRatings" value="102"/>
          <property name="Exif/Make" value="LGE"/>
          <property name="Exif/Model" value="Nexus 5"/>
          <property name="Exif/Orientation" value="1"/>
          <property name="Exif/ShutterSpeedValue" value="-6.94"/>
          <property name="File/ImageHeight" value="3264"/>
          <property name="File/ImageWidth" value="2448"/>
          <property name="System/FileModifyDate" value="2017:03:23 12:17:38"/>
          <property name="System/FileSize" value="4050497"/>
        </meta>
      </photo>
    </camera>
  </cameras>
  <thumbnails path="thumbnails/thumbnails.zip"/>
  <point_cloud path="point_cloud/point_cloud.zip"/>
  <dense_cloud path="dense_cloud/dense_cloud.zip"/>
  <model path="model/model.zip"/>
</frame>
