<?xml version="1.0" encoding="UTF-8"?>
<point_cloud version="1.2.0">
  <params>
    <dataType>uint8</dataType>
    <bands>
      <band label="Red"/>
      <band label="Green"/>
      <band label="Blue"/>
    </bands>
  </params>
  <tracks path="tracks.ply" count="1414"/>
  <points path="points.ply" count="1179"/>
  <projections camera_id="0" path="p0.ply" count="359"/>
  <projections camera_id="1" path="p1.ply" count="373"/>
  <projections camera_id="2" path="p2.ply" count="365"/>
  <projections camera_id="3" path="p3.ply" count="390"/>
  <projections camera_id="4" path="p4.ply" count="371"/>
  <projections camera_id="5" path="p5.ply" count="380"/>
  <projections camera_id="6" path="p6.ply" count="400"/>
  <projections camera_id="7" path="p7.ply" count="394"/>
  <projections camera_id="8" path="p8.ply" count="357"/>
  <projections camera_id="9" path="p9.ply" count="221"/>
  <projections camera_id="10" path="p10.ply" count="82"/>
  <meta>
    <property name="match/duration" value="35.146"/>
    <property name="match/match_downscale" value="1"/>
    <property name="match/match_filter_mask" value="true"/>
    <property name="match/match_point_limit" value="4000"/>
    <property name="match/match_preselection_generic" value="false"/>
    <property name="match/match_tiepoint_limit" value="400"/>
  </meta>
</point_cloud>
