<?xml version="1.0" encoding="UTF-8"?>
<frame>
  <cameras>
    <camera camera_id="12">
      <photo path="../../../IMG_20170323_122348.jpg">
        <meta>
          <property name="Exif/ApertureValue" value="2.52"/>
          <property name="Exif/DateTime" value="2017:03:23 12:23:49"/>
          <property name="Exif/DateTimeOriginal" value="2017:03:23 12:23:49"/>
          <property name="Exif/ExposureTime" value="0.004882154"/>
          <property name="Exif/FNumber" value="2.4"/>
          <property name="Exif/FocalLength" value="3.97"/>
          <property name="Exif/ISOSpeedRatings" value="100"/>
          <property name="Exif/Make" value="LGE"/>
          <property name="Exif/Model" value="Nexus 5"/>
          <property name="Exif/Orientation" value="1"/>
          <property name="Exif/ShutterSpeedValue" value="-7.67"/>
          <property name="File/ImageHeight" value="3264"/>
          <property name="File/ImageWidth" value="2448"/>
          <property name="Image/Quality" value="0.865299"/>
          <property name="System/FileModifyDate" value="2017:03:23 12:23:49"/>
          <property name="System/FileSize" value="2017651"/>
        </meta>
      </photo>
    </camera>
    <camera camera_id="13">
      <photo path="../../../IMG_20170323_122400.jpg">
        <meta>
          <property name="Exif/ApertureValue" value="2.52"/>
          <property name="Exif/DateTime" value="2017:03:23 12:24:00"/>
          <property name="Exif/DateTimeOriginal" value="2017:03:23 12:24:00"/>
          <property name="Exif/ExposureTime" value="0.005662769"/>
          <property name="Exif/FNumber" value="2.4"/>
          <property name="Exif/FocalLength" value="3.97"/>
          <property name="Exif/ISOSpeedRatings" value="100"/>
          <property name="Exif/Make" value="LGE"/>
          <property name="Exif/Model" value="Nexus 5"/>
          <property name="Exif/Orientation" value="1"/>
          <property name="Exif/ShutterSpeedValue" value="-7.46"/>
          <property name="File/ImageHeight" value="3264"/>
          <property name="File/ImageWidth" value="2448"/>
          <property name="Image/Quality" value="0.425382"/>
          <property name="System/FileModifyDate" value="2017:03:23 12:24:00"/>
          <property name="System/FileSize" value="1433695"/>
        </meta>
      </photo>
    </camera>
    <camera camera_id="14">
      <photo path="../../../IMG_20170323_122405.jpg">
        <meta>
          <property name="Exif/ApertureValue" value="2.52"/>
          <property name="Exif/DateTime" value="2017:03:23 12:24:05"/>
          <property name="Exif/DateTimeOriginal" value="2017:03:23 12:24:05"/>
          <property name="Exif/ExposureTime" value="0.004882154"/>
          <property name="Exif/FNumber" value="2.4"/>
          <property name="Exif/FocalLength" value="3.97"/>
          <property name="Exif/ISOSpeedRatings" value="100"/>
          <property name="Exif/Make" value="LGE"/>
          <property name="Exif/Model" value="Nexus 5"/>
          <property name="Exif/Orientation" value="1"/>
          <property name="Exif/ShutterSpeedValue" value="-7.67"/>
          <property name="File/ImageHeight" value="3264"/>
          <property name="File/ImageWidth" value="2448"/>
          <property name="Image/Quality" value="0.926627"/>
          <property name="System/FileModifyDate" value="2017:03:23 12:24:05"/>
          <property name="System/FileSize" value="2093939"/>
        </meta>
      </photo>
    </camera>
    <camera camera_id="17">
      <photo path="../../../IMG_20170323_122410.jpg">
        <meta>
          <property name="Exif/ApertureValue" value="2.52"/>
          <property name="Exif/DateTime" value="2017:03:23 12:24:11"/>
          <property name="Exif/DateTimeOriginal" value="2017:03:23 12:24:11"/>
          <property name="Exif/ExposureTime" value="0.006562461"/>
          <property name="Exif/FNumber" value="2.4"/>
          <property name="Exif/FocalLength" value="3.97"/>
          <property name="Exif/ISOSpeedRatings" value="100"/>
          <property name="Exif/Make" value="LGE"/>
          <property name="Exif/Model" value="Nexus 5"/>
          <property name="Exif/Orientation" value="1"/>
          <property name="Exif/ShutterSpeedValue" value="-7.25"/>
          <property name="File/ImageHeight" value="3264"/>
          <property name="File/ImageWidth" value="2448"/>
          <property name="Image/Quality" value="0.892211"/>
          <property name="System/FileModifyDate" value="2017:03:23 12:24:11"/>
          <property name="System/FileSize" value="2005472"/>
        </meta>
      </photo>
    </camera>
    <camera camera_id="18">
      <photo path="../../../IMG_20170323_122417.jpg">
        <meta>
          <property name="Exif/ApertureValue" value="2.52"/>
          <property name="Exif/DateTime" value="2017:03:23 12:24:18"/>
          <property name="Exif/DateTimeOriginal" value="2017:03:23 12:24:18"/>
          <property name="Exif/ExposureTime" value="0.004604307"/>
          <property name="Exif/FNumber" value="2.4"/>
          <property name="Exif/FocalLength" value="3.97"/>
          <property name="Exif/ISOSpeedRatings" value="100"/>
          <property name="Exif/Make" value="LGE"/>
          <property name="Exif/Model" value="Nexus 5"/>
          <property name="Exif/Orientation" value="1"/>
          <property name="Exif/ShutterSpeedValue" value="-7.76"/>
          <property name="File/ImageHeight" value="3264"/>
          <property name="File/ImageWidth" value="2448"/>
          <property name="Image/Quality" value="0.381766"/>
          <property name="System/FileModifyDate" value="2017:03:23 12:24:18"/>
          <property name="System/FileSize" value="1289446"/>
        </meta>
      </photo>
    </camera>
    <camera camera_id="19">
      <photo path="../../../IMG_20170323_122422.jpg">
        <meta>
          <property name="Exif/ApertureValue" value="2.52"/>
          <property name="Exif/DateTime" value="2017:03:23 12:24:22"/>
          <property name="Exif/DateTimeOriginal" value="2017:03:23 12:24:22"/>
          <property name="Exif/ExposureTime" value="0.004207385"/>
          <property name="Exif/FNumber" value="2.4"/>
          <property name="Exif/FocalLength" value="3.97"/>
          <property name="Exif/ISOSpeedRatings" value="100"/>
          <property name="Exif/Make" value="LGE"/>
          <property name="Exif/Model" value="Nexus 5"/>
          <property name="Exif/Orientation" value="1"/>
          <property name="Exif/ShutterSpeedValue" value="-7.89"/>
          <property name="File/ImageHeight" value="3264"/>
          <property name="File/ImageWidth" value="2448"/>
          <property name="Image/Quality" value="0.912716"/>
          <property name="System/FileModifyDate" value="2017:03:23 12:24:22"/>
          <property name="System/FileSize" value="1663003"/>
        </meta>
      </photo>
    </camera>
    <camera camera_id="20">
      <photo path="../../../IMG_20170323_122426.jpg">
        <meta>
          <property name="Exif/ApertureValue" value="2.52"/>
          <property name="Exif/DateTime" value="2017:03:23 12:24:26"/>
          <property name="Exif/DateTimeOriginal" value="2017:03:23 12:24:26"/>
          <property name="Exif/ExposureTime" value="0.004736615"/>
          <property name="Exif/FNumber" value="2.4"/>
          <property name="Exif/FocalLength" value="3.97"/>
          <property name="Exif/ISOSpeedRatings" value="100"/>
          <property name="Exif/Make" value="LGE"/>
          <property name="Exif/Model" value="Nexus 5"/>
          <property name="Exif/Orientation" value="1"/>
          <property name="Exif/ShutterSpeedValue" value="-7.72"/>
          <property name="File/ImageHeight" value="3264"/>
          <property name="File/ImageWidth" value="2448"/>
          <property name="Image/Quality" value="0.911059"/>
          <property name="System/FileModifyDate" value="2017:03:23 12:24:26"/>
          <property name="System/FileSize" value="1748557"/>
        </meta>
      </photo>
    </camera>
    <camera camera_id="21">
      <photo path="../../../IMG_20170323_122430.jpg">
        <meta>
          <property name="Exif/ApertureValue" value="2.52"/>
          <property name="Exif/DateTime" value="2017:03:23 12:24:31"/>
          <property name="Exif/DateTimeOriginal" value="2017:03:23 12:24:31"/>
          <property name="Exif/ExposureTime" value="0.00396923"/>
          <property name="Exif/FNumber" value="2.4"/>
          <property name="Exif/FocalLength" value="3.97"/>
          <property name="Exif/ISOSpeedRatings" value="100"/>
          <property name="Exif/Make" value="LGE"/>
          <property name="Exif/Model" value="Nexus 5"/>
          <property name="Exif/Orientation" value="1"/>
          <property name="Exif/ShutterSpeedValue" value="-7.97"/>
          <property name="File/ImageHeight" value="3264"/>
          <property name="File/ImageWidth" value="2448"/>
          <property name="Image/Quality" value="1.0062"/>
          <property name="System/FileModifyDate" value="2017:03:23 12:24:31"/>
          <property name="System/FileSize" value="1756121"/>
        </meta>
      </photo>
    </camera>
    <camera camera_id="22">
      <photo path="../../../IMG_20170323_122440.jpg">
        <meta>
          <property name="Exif/ApertureValue" value="2.52"/>
          <property name="Exif/DateTime" value="2017:03:23 12:24:40"/>
          <property name="Exif/DateTimeOriginal" value="2017:03:23 12:24:40"/>
          <property name="Exif/ExposureTime" value="0.004207385"/>
          <property name="Exif/FNumber" value="2.4"/>
          <property name="Exif/FocalLength" value="3.97"/>
          <property name="Exif/ISOSpeedRatings" value="100"/>
          <property name="Exif/Make" value="LGE"/>
          <property name="Exif/Model" value="Nexus 5"/>
          <property name="Exif/Orientation" value="1"/>
          <property name="Exif/ShutterSpeedValue" value="-7.89"/>
          <property name="File/ImageHeight" value="3264"/>
          <property name="File/ImageWidth" value="2448"/>
          <property name="Image/Quality" value="0.908579"/>
          <property name="System/FileModifyDate" value="2017:03:23 12:24:40"/>
          <property name="System/FileSize" value="1803990"/>
        </meta>
      </photo>
    </camera>
    <camera camera_id="23">
      <photo path="../../../IMG_20170323_122447.jpg">
        <meta>
          <property name="Exif/ApertureValue" value="2.52"/>
          <property name="Exif/DateTime" value="2017:03:23 12:24:47"/>
          <property name="Exif/DateTimeOriginal" value="2017:03:23 12:24:47"/>
          <property name="Exif/ExposureTime" value="0.003519384"/>
          <property name="Exif/FNumber" value="2.4"/>
          <property name="Exif/FocalLength" value="3.97"/>
          <property name="Exif/ISOSpeedRatings" value="100"/>
          <property name="Exif/Make" value="LGE"/>
          <property name="Exif/Model" value="Nexus 5"/>
          <property name="Exif/Orientation" value="1"/>
          <property name="Exif/ShutterSpeedValue" value="-8.15"/>
          <property name="File/ImageHeight" value="3264"/>
          <property name="File/ImageWidth" value="2448"/>
          <property name="Image/Quality" value="0.985003"/>
          <property name="System/FileModifyDate" value="2017:03:23 12:24:47"/>
          <property name="System/FileSize" value="1855102"/>
        </meta>
      </photo>
    </camera>
    <camera camera_id="15">
      <photo path="../../../IMG_20170323_122451.jpg">
        <meta>
          <property name="Exif/ApertureValue" value="2.52"/>
          <property name="Exif/DateTime" value="2017:03:23 12:24:51"/>
          <property name="Exif/DateTimeOriginal" value="2017:03:23 12:24:51"/>
          <property name="Exif/ExposureTime" value="0.003850154"/>
          <property name="Exif/FNumber" value="2.4"/>
          <property name="Exif/FocalLength" value="3.97"/>
          <property name="Exif/ISOSpeedRatings" value="100"/>
          <property name="Exif/Make" value="LGE"/>
          <property name="Exif/Model" value="Nexus 5"/>
          <property name="Exif/Orientation" value="1"/>
          <property name="Exif/ShutterSpeedValue" value="-8.02"/>
          <property name="File/ImageHeight" value="3264"/>
          <property name="File/ImageWidth" value="2448"/>
          <property name="Image/Quality" value="0.967261"/>
          <property name="System/FileModifyDate" value="2017:03:23 12:24:51"/>
          <property name="System/FileSize" value="1845278"/>
        </meta>
      </photo>
    </camera>
    <camera camera_id="16">
      <photo path="../../../IMG_20170323_122455.jpg">
        <meta>
          <property name="Exif/ApertureValue" value="2.52"/>
          <property name="Exif/DateTime" value="2017:03:23 12:24:56"/>
          <property name="Exif/DateTimeOriginal" value="2017:03:23 12:24:56"/>
          <property name="Exif/ExposureTime" value="0.003426769"/>
          <property name="Exif/FNumber" value="2.4"/>
          <property name="Exif/FocalLength" value="3.97"/>
          <property name="Exif/ISOSpeedRatings" value="100"/>
          <property name="Exif/Make" value="LGE"/>
          <property name="Exif/Model" value="Nexus 5"/>
          <property name="Exif/Orientation" value="1"/>
          <property name="Exif/ShutterSpeedValue" value="-8.18"/>
          <property name="File/ImageHeight" value="3264"/>
          <property name="File/ImageWidth" value="2448"/>
          <property name="Image/Quality" value="0.959801"/>
          <property name="System/FileModifyDate" value="2017:03:23 12:24:56"/>
          <property name="System/FileSize" value="1791750"/>
        </meta>
      </photo>
    </camera>
  </cameras>
  <masks path="masks/masks.zip"/>
  <thumbnails path="thumbnails/thumbnails.zip"/>
  <point_cloud path="point_cloud/point_cloud.zip"/>
</frame>
