<?xml version="1.0" encoding="UTF-8"?>
<point_cloud version="1.2.0">
  <params>
    <dataType>uint8</dataType>
    <bands>
      <band label="Red"/>
      <band label="Green"/>
      <band label="Blue"/>
    </bands>
  </params>
  <tracks path="tracks.ply" count="2076"/>
  <points path="points.ply" count="1877"/>
  <projections camera_id="0" path="p0.ply" count="236"/>
  <projections camera_id="1" path="p1.ply" count="151"/>
  <projections camera_id="2" path="p2.ply" count="181"/>
  <projections camera_id="3" path="p3.ply" count="161"/>
  <projections camera_id="4" path="p4.ply" count="138"/>
  <projections camera_id="5" path="p5.ply" count="173"/>
  <projections camera_id="6" path="p6.ply" count="235"/>
  <projections camera_id="7" path="p7.ply" count="264"/>
  <projections camera_id="8" path="p8.ply" count="250"/>
  <projections camera_id="9" path="p9.ply" count="244"/>
  <projections camera_id="10" path="p10.ply" count="225"/>
  <projections camera_id="11" path="p11.ply" count="214"/>
  <projections camera_id="12" path="p12.ply" count="221"/>
  <projections camera_id="13" path="p13.ply" count="254"/>
  <projections camera_id="14" path="p14.ply" count="224"/>
  <projections camera_id="15" path="p15.ply" count="167"/>
  <projections camera_id="16" path="p16.ply" count="176"/>
  <projections camera_id="17" path="p17.ply" count="124"/>
  <projections camera_id="18" path="p18.ply" count="118"/>
  <projections camera_id="19" path="p19.ply" count="166"/>
  <projections camera_id="20" path="p20.ply" count="170"/>
  <projections camera_id="21" path="p21.ply" count="180"/>
  <projections camera_id="22" path="p22.ply" count="165"/>
  <projections camera_id="23" path="p23.ply" count="128"/>
  <projections camera_id="24" path="p24.ply" count="254"/>
  <meta>
    <property name="match/duration" value="85.824"/>
    <property name="match/match_downscale" value="0"/>
    <property name="match/match_point_limit" value="4000"/>
    <property name="match/match_preselection_generic" value="true"/>
    <property name="match/match_tiepoint_limit" value="400"/>
  </meta>
</point_cloud>
