<?xml version="1.0" encoding="UTF-8"?>
<point_cloud version="1.2.0">
  <tracks path="tracks.ply" count="9281"/>
  <points path="points.ply" count="6491"/>
  <projections camera_id="0" path="p0.ply" count="2024"/>
  <projections camera_id="1" path="p1.ply" count="342"/>
  <projections camera_id="2" path="p2.ply" count="365"/>
  <projections camera_id="3" path="p3.ply" count="436"/>
  <projections camera_id="4" path="p4.ply" count="279"/>
  <projections camera_id="5" path="p5.ply" count="332"/>
  <projections camera_id="6" path="p6.ply" count="208"/>
  <projections camera_id="7" path="p7.ply" count="362"/>
  <projections camera_id="8" path="p8.ply" count="2033"/>
  <projections camera_id="9" path="p9.ply" count="1541"/>
  <projections camera_id="10" path="p10.ply" count="407"/>
  <projections camera_id="11" path="p11.ply" count="425"/>
  <projections camera_id="12" path="p12.ply" count="561"/>
  <projections camera_id="13" path="p13.ply" count="605"/>
  <projections camera_id="14" path="p14.ply" count="514"/>
  <projections camera_id="15" path="p15.ply" count="427"/>
  <projections camera_id="16" path="p16.ply" count="461"/>
  <projections camera_id="17" path="p17.ply" count="388"/>
  <projections camera_id="18" path="p18.ply" count="347"/>
  <projections camera_id="19" path="p19.ply" count="506"/>
  <projections camera_id="20" path="p20.ply" count="452"/>
  <projections camera_id="21" path="p21.ply" count="1535"/>
  <projections camera_id="22" path="p22.ply" count="1516"/>
  <projections camera_id="23" path="p23.ply" count="346"/>
  <projections camera_id="24" path="p24.ply" count="378"/>
  <projections camera_id="25" path="p25.ply" count="480"/>
  <projections camera_id="26" path="p26.ply" count="453"/>
  <projections camera_id="27" path="p27.ply" count="389"/>
  <projections camera_id="28" path="p28.ply" count="403"/>
  <projections camera_id="29" path="p29.ply" count="313"/>
  <projections camera_id="30" path="p30.ply" count="298"/>
  <projections camera_id="31" path="p31.ply" count="334"/>
  <projections camera_id="32" path="p32.ply" count="428"/>
  <projections camera_id="33" path="p33.ply" count="393"/>
  <projections camera_id="34" path="p34.ply" count="1521"/>
  <meta>
    <property name="match/duration" value="55.971"/>
    <property name="match/match_downscale" value="1"/>
    <property name="match/match_filter_mask" value="true"/>
    <property name="match/match_point_limit" value="40000"/>
    <property name="match/match_select_pairs" value="0"/>
    <property name="match/match_tiepoint_limit" value="4000"/>
  </meta>
</point_cloud>
