<?xml version="1.0" encoding="UTF-8"?>
<frame>
  <cameras>
    <camera camera_id="0">
      <photo path="../../../SSP_6744.jpg">
        <meta>
          <property name="Exif/ApertureValue" value="7.625"/>
          <property name="Exif/Artist" value=""/>
          <property name="Exif/DateTime" value="2017:02:21 10:02:51"/>
          <property name="Exif/DateTimeOriginal" value="2017:02:21 10:02:51"/>
          <property name="Exif/ExposureTime" value="0.05"/>
          <property name="Exif/FNumber" value="14"/>
          <property name="Exif/FocalLength" value="50"/>
          <property name="Exif/FocalPlaneXResolution" value="77.6083687690989"/>
          <property name="Exif/FocalPlaneYResolution" value="77.7680567706814"/>
          <property name="Exif/ISOSpeedRatings" value="500"/>
          <property name="Exif/Make" value="Canon"/>
          <property name="Exif/Model" value="Canon EOS 5D Mark III"/>
          <property name="Exif/Orientation" value="1"/>
          <property name="Exif/ShutterSpeedValue" value="4.375"/>
          <property name="File/ImageHeight" value="1920"/>
          <property name="File/ImageWidth" value="2880"/>
          <property name="System/FileModifyDate" value="2017:02:21 09:08:15"/>
          <property name="System/FileSize" value="533361"/>
        </meta>
      </photo>
    </camera>
    <camera camera_id="1">
      <photo path="../../../SSP_6745.jpg">
        <meta>
          <property name="Exif/ApertureValue" value="7.625"/>
          <property name="Exif/Artist" value=""/>
          <property name="Exif/DateTime" value="2017:02:21 10:02:55"/>
          <property name="Exif/DateTimeOriginal" value="2017:02:21 10:02:55"/>
          <property name="Exif/ExposureTime" value="0.05"/>
          <property name="Exif/FNumber" value="14"/>
          <property name="Exif/FocalLength" value="50"/>
          <property name="Exif/FocalPlaneXResolution" value="77.6083687690989"/>
          <property name="Exif/FocalPlaneYResolution" value="77.7680567706814"/>
          <property name="Exif/ISOSpeedRatings" value="500"/>
          <property name="Exif/Make" value="Canon"/>
          <property name="Exif/Model" value="Canon EOS 5D Mark III"/>
          <property name="Exif/Orientation" value="1"/>
          <property name="Exif/ShutterSpeedValue" value="4.375"/>
          <property name="File/ImageHeight" value="1920"/>
          <property name="File/ImageWidth" value="2880"/>
          <property name="System/FileModifyDate" value="2017:02:21 09:08:19"/>
          <property name="System/FileSize" value="544154"/>
        </meta>
      </photo>
    </camera>
    <camera camera_id="2">
      <photo path="../../../SSP_6746.jpg">
        <meta>
          <property name="Exif/ApertureValue" value="7.625"/>
          <property name="Exif/Artist" value=""/>
          <property name="Exif/DateTime" value="2017:02:21 10:02:59"/>
          <property name="Exif/DateTimeOriginal" value="2017:02:21 10:02:59"/>
          <property name="Exif/ExposureTime" value="0.05"/>
          <property name="Exif/FNumber" value="14"/>
          <property name="Exif/FocalLength" value="50"/>
          <property name="Exif/FocalPlaneXResolution" value="77.6083687690989"/>
          <property name="Exif/FocalPlaneYResolution" value="77.7680567706814"/>
          <property name="Exif/ISOSpeedRatings" value="500"/>
          <property name="Exif/Make" value="Canon"/>
          <property name="Exif/Model" value="Canon EOS 5D Mark III"/>
          <property name="Exif/Orientation" value="1"/>
          <property name="Exif/ShutterSpeedValue" value="4.375"/>
          <property name="File/ImageHeight" value="1920"/>
          <property name="File/ImageWidth" value="2880"/>
          <property name="System/FileModifyDate" value="2017:02:21 09:08:23"/>
          <property name="System/FileSize" value="561621"/>
        </meta>
      </photo>
    </camera>
    <camera camera_id="3">
      <photo path="../../../SSP_6747.jpg">
        <meta>
          <property name="Exif/ApertureValue" value="7.625"/>
          <property name="Exif/Artist" value=""/>
          <property name="Exif/DateTime" value="2017:02:21 10:03:03"/>
          <property name="Exif/DateTimeOriginal" value="2017:02:21 10:03:03"/>
          <property name="Exif/ExposureTime" value="0.05"/>
          <property name="Exif/FNumber" value="14"/>
          <property name="Exif/FocalLength" value="50"/>
          <property name="Exif/FocalPlaneXResolution" value="77.6083687690989"/>
          <property name="Exif/FocalPlaneYResolution" value="77.7680567706814"/>
          <property name="Exif/ISOSpeedRatings" value="500"/>
          <property name="Exif/Make" value="Canon"/>
          <property name="Exif/Model" value="Canon EOS 5D Mark III"/>
          <property name="Exif/Orientation" value="1"/>
          <property name="Exif/ShutterSpeedValue" value="4.375"/>
          <property name="File/ImageHeight" value="1920"/>
          <property name="File/ImageWidth" value="2880"/>
          <property name="System/FileModifyDate" value="2017:02:21 09:08:27"/>
          <property name="System/FileSize" value="570342"/>
        </meta>
      </photo>
    </camera>
    <camera camera_id="4">
      <photo path="../../../SSP_6748.jpg">
        <meta>
          <property name="Exif/ApertureValue" value="7.625"/>
          <property name="Exif/Artist" value=""/>
          <property name="Exif/DateTime" value="2017:02:21 10:03:07"/>
          <property name="Exif/DateTimeOriginal" value="2017:02:21 10:03:07"/>
          <property name="Exif/ExposureTime" value="0.05"/>
          <property name="Exif/FNumber" value="14"/>
          <property name="Exif/FocalLength" value="50"/>
          <property name="Exif/FocalPlaneXResolution" value="77.6083687690989"/>
          <property name="Exif/FocalPlaneYResolution" value="77.7680567706814"/>
          <property name="Exif/ISOSpeedRatings" value="500"/>
          <property name="Exif/Make" value="Canon"/>
          <property name="Exif/Model" value="Canon EOS 5D Mark III"/>
          <property name="Exif/Orientation" value="1"/>
          <property name="Exif/ShutterSpeedValue" value="4.375"/>
          <property name="File/ImageHeight" value="1920"/>
          <property name="File/ImageWidth" value="2880"/>
          <property name="System/FileModifyDate" value="2017:02:21 09:08:31"/>
          <property name="System/FileSize" value="595498"/>
        </meta>
      </photo>
    </camera>
    <camera camera_id="5">
      <photo path="../../../SSP_6749.jpg">
        <meta>
          <property name="Exif/ApertureValue" value="7.625"/>
          <property name="Exif/Artist" value=""/>
          <property name="Exif/DateTime" value="2017:02:21 10:03:11"/>
          <property name="Exif/DateTimeOriginal" value="2017:02:21 10:03:11"/>
          <property name="Exif/ExposureTime" value="0.05"/>
          <property name="Exif/FNumber" value="14"/>
          <property name="Exif/FocalLength" value="50"/>
          <property name="Exif/FocalPlaneXResolution" value="77.6083687690989"/>
          <property name="Exif/FocalPlaneYResolution" value="77.7680567706814"/>
          <property name="Exif/ISOSpeedRatings" value="500"/>
          <property name="Exif/Make" value="Canon"/>
          <property name="Exif/Model" value="Canon EOS 5D Mark III"/>
          <property name="Exif/Orientation" value="1"/>
          <property name="Exif/ShutterSpeedValue" value="4.375"/>
          <property name="File/ImageHeight" value="1920"/>
          <property name="File/ImageWidth" value="2880"/>
          <property name="System/FileModifyDate" value="2017:02:21 09:08:35"/>
          <property name="System/FileSize" value="571379"/>
        </meta>
      </photo>
    </camera>
    <camera camera_id="6">
      <photo path="../../../SSP_6750.jpg">
        <meta>
          <property name="Exif/ApertureValue" value="7.625"/>
          <property name="Exif/Artist" value=""/>
          <property name="Exif/DateTime" value="2017:02:21 10:03:15"/>
          <property name="Exif/DateTimeOriginal" value="2017:02:21 10:03:15"/>
          <property name="Exif/ExposureTime" value="0.05"/>
          <property name="Exif/FNumber" value="14"/>
          <property name="Exif/FocalLength" value="50"/>
          <property name="Exif/FocalPlaneXResolution" value="77.6083687690989"/>
          <property name="Exif/FocalPlaneYResolution" value="77.7680567706814"/>
          <property name="Exif/ISOSpeedRatings" value="500"/>
          <property name="Exif/Make" value="Canon"/>
          <property name="Exif/Model" value="Canon EOS 5D Mark III"/>
          <property name="Exif/Orientation" value="1"/>
          <property name="Exif/ShutterSpeedValue" value="4.375"/>
          <property name="File/ImageHeight" value="1920"/>
          <property name="File/ImageWidth" value="2880"/>
          <property name="System/FileModifyDate" value="2017:02:21 09:08:39"/>
          <property name="System/FileSize" value="552791"/>
        </meta>
      </photo>
    </camera>
    <camera camera_id="7">
      <photo path="../../../SSP_6751.jpg">
        <meta>
          <property name="Exif/ApertureValue" value="7.625"/>
          <property name="Exif/Artist" value=""/>
          <property name="Exif/DateTime" value="2017:02:21 10:03:19"/>
          <property name="Exif/DateTimeOriginal" value="2017:02:21 10:03:19"/>
          <property name="Exif/ExposureTime" value="0.05"/>
          <property name="Exif/FNumber" value="14"/>
          <property name="Exif/FocalLength" value="50"/>
          <property name="Exif/FocalPlaneXResolution" value="77.6083687690989"/>
          <property name="Exif/FocalPlaneYResolution" value="77.7680567706814"/>
          <property name="Exif/ISOSpeedRatings" value="500"/>
          <property name="Exif/Make" value="Canon"/>
          <property name="Exif/Model" value="Canon EOS 5D Mark III"/>
          <property name="Exif/Orientation" value="1"/>
          <property name="Exif/ShutterSpeedValue" value="4.375"/>
          <property name="File/ImageHeight" value="1920"/>
          <property name="File/ImageWidth" value="2880"/>
          <property name="System/FileModifyDate" value="2017:02:21 09:08:43"/>
          <property name="System/FileSize" value="535716"/>
        </meta>
      </photo>
    </camera>
    <camera camera_id="8">
      <photo path="../../../SSP_6752.jpg">
        <meta>
          <property name="Exif/ApertureValue" value="7.625"/>
          <property name="Exif/Artist" value=""/>
          <property name="Exif/DateTime" value="2017:02:21 10:03:23"/>
          <property name="Exif/DateTimeOriginal" value="2017:02:21 10:03:23"/>
          <property name="Exif/ExposureTime" value="0.05"/>
          <property name="Exif/FNumber" value="14"/>
          <property name="Exif/FocalLength" value="50"/>
          <property name="Exif/FocalPlaneXResolution" value="77.6083687690989"/>
          <property name="Exif/FocalPlaneYResolution" value="77.7680567706814"/>
          <property name="Exif/ISOSpeedRatings" value="500"/>
          <property name="Exif/Make" value="Canon"/>
          <property name="Exif/Model" value="Canon EOS 5D Mark III"/>
          <property name="Exif/Orientation" value="1"/>
          <property name="Exif/ShutterSpeedValue" value="4.375"/>
          <property name="File/ImageHeight" value="1920"/>
          <property name="File/ImageWidth" value="2880"/>
          <property name="System/FileModifyDate" value="2017:02:21 09:08:47"/>
          <property name="System/FileSize" value="538487"/>
        </meta>
      </photo>
    </camera>
    <camera camera_id="9">
      <photo path="../../../SSP_6753.jpg">
        <meta>
          <property name="Exif/ApertureValue" value="7.625"/>
          <property name="Exif/Artist" value=""/>
          <property name="Exif/DateTime" value="2017:02:21 10:04:38"/>
          <property name="Exif/DateTimeOriginal" value="2017:02:21 10:04:38"/>
          <property name="Exif/ExposureTime" value="0.05"/>
          <property name="Exif/FNumber" value="14"/>
          <property name="Exif/FocalLength" value="50"/>
          <property name="Exif/FocalPlaneXResolution" value="77.6083687690989"/>
          <property name="Exif/FocalPlaneYResolution" value="77.7680567706814"/>
          <property name="Exif/ISOSpeedRatings" value="500"/>
          <property name="Exif/Make" value="Canon"/>
          <property name="Exif/Model" value="Canon EOS 5D Mark III"/>
          <property name="Exif/Orientation" value="1"/>
          <property name="Exif/ShutterSpeedValue" value="4.375"/>
          <property name="File/ImageHeight" value="1920"/>
          <property name="File/ImageWidth" value="2880"/>
          <property name="System/FileModifyDate" value="2017:02:21 09:10:02"/>
          <property name="System/FileSize" value="520707"/>
        </meta>
      </photo>
    </camera>
    <camera camera_id="10">
      <photo path="../../../SSP_6754.jpg">
        <meta>
          <property name="Exif/ApertureValue" value="7.625"/>
          <property name="Exif/Artist" value=""/>
          <property name="Exif/DateTime" value="2017:02:21 10:04:40"/>
          <property name="Exif/DateTimeOriginal" value="2017:02:21 10:04:40"/>
          <property name="Exif/ExposureTime" value="0.05"/>
          <property name="Exif/FNumber" value="14"/>
          <property name="Exif/FocalLength" value="50"/>
          <property name="Exif/FocalPlaneXResolution" value="77.6083687690989"/>
          <property name="Exif/FocalPlaneYResolution" value="77.7680567706814"/>
          <property name="Exif/ISOSpeedRatings" value="500"/>
          <property name="Exif/Make" value="Canon"/>
          <property name="Exif/Model" value="Canon EOS 5D Mark III"/>
          <property name="Exif/Orientation" value="1"/>
          <property name="Exif/ShutterSpeedValue" value="4.375"/>
          <property name="File/ImageHeight" value="1920"/>
          <property name="File/ImageWidth" value="2880"/>
          <property name="System/FileModifyDate" value="2017:02:21 09:10:05"/>
          <property name="System/FileSize" value="518547"/>
        </meta>
      </photo>
    </camera>
    <camera camera_id="11">
      <photo path="../../../SSP_6755.jpg">
        <meta>
          <property name="Exif/ApertureValue" value="7.625"/>
          <property name="Exif/Artist" value=""/>
          <property name="Exif/DateTime" value="2017:02:21 10:04:44"/>
          <property name="Exif/DateTimeOriginal" value="2017:02:21 10:04:44"/>
          <property name="Exif/ExposureTime" value="0.05"/>
          <property name="Exif/FNumber" value="14"/>
          <property name="Exif/FocalLength" value="50"/>
          <property name="Exif/FocalPlaneXResolution" value="77.6083687690989"/>
          <property name="Exif/FocalPlaneYResolution" value="77.7680567706814"/>
          <property name="Exif/ISOSpeedRatings" value="500"/>
          <property name="Exif/Make" value="Canon"/>
          <property name="Exif/Model" value="Canon EOS 5D Mark III"/>
          <property name="Exif/Orientation" value="1"/>
          <property name="Exif/ShutterSpeedValue" value="4.375"/>
          <property name="File/ImageHeight" value="1920"/>
          <property name="File/ImageWidth" value="2880"/>
          <property name="System/FileModifyDate" value="2017:02:21 09:10:08"/>
          <property name="System/FileSize" value="522930"/>
        </meta>
      </photo>
    </camera>
    <camera camera_id="12">
      <photo path="../../../SSP_6756.jpg">
        <meta>
          <property name="Exif/ApertureValue" value="7.625"/>
          <property name="Exif/Artist" value=""/>
          <property name="Exif/DateTime" value="2017:02:21 10:04:47"/>
          <property name="Exif/DateTimeOriginal" value="2017:02:21 10:04:47"/>
          <property name="Exif/ExposureTime" value="0.05"/>
          <property name="Exif/FNumber" value="14"/>
          <property name="Exif/FocalLength" value="50"/>
          <property name="Exif/FocalPlaneXResolution" value="77.6083687690989"/>
          <property name="Exif/FocalPlaneYResolution" value="77.7680567706814"/>
          <property name="Exif/ISOSpeedRatings" value="500"/>
          <property name="Exif/Make" value="Canon"/>
          <property name="Exif/Model" value="Canon EOS 5D Mark III"/>
          <property name="Exif/Orientation" value="1"/>
          <property name="Exif/ShutterSpeedValue" value="4.375"/>
          <property name="File/ImageHeight" value="1920"/>
          <property name="File/ImageWidth" value="2880"/>
          <property name="System/FileModifyDate" value="2017:02:21 09:10:11"/>
          <property name="System/FileSize" value="541998"/>
        </meta>
      </photo>
    </camera>
    <camera camera_id="13">
      <photo path="../../../SSP_6757.jpg">
        <meta>
          <property name="Exif/ApertureValue" value="7.625"/>
          <property name="Exif/Artist" value=""/>
          <property name="Exif/DateTime" value="2017:02:21 10:04:51"/>
          <property name="Exif/DateTimeOriginal" value="2017:02:21 10:04:51"/>
          <property name="Exif/ExposureTime" value="0.05"/>
          <property name="Exif/FNumber" value="14"/>
          <property name="Exif/FocalLength" value="50"/>
          <property name="Exif/FocalPlaneXResolution" value="77.6083687690989"/>
          <property name="Exif/FocalPlaneYResolution" value="77.7680567706814"/>
          <property name="Exif/ISOSpeedRatings" value="500"/>
          <property name="Exif/Make" value="Canon"/>
          <property name="Exif/Model" value="Canon EOS 5D Mark III"/>
          <property name="Exif/Orientation" value="1"/>
          <property name="Exif/ShutterSpeedValue" value="4.375"/>
          <property name="File/ImageHeight" value="1920"/>
          <property name="File/ImageWidth" value="2880"/>
          <property name="System/FileModifyDate" value="2017:02:21 09:10:15"/>
          <property name="System/FileSize" value="568278"/>
        </meta>
      </photo>
    </camera>
    <camera camera_id="14">
      <photo path="../../../SSP_6758.jpg">
        <meta>
          <property name="Exif/ApertureValue" value="7.625"/>
          <property name="Exif/Artist" value=""/>
          <property name="Exif/DateTime" value="2017:02:21 10:04:54"/>
          <property name="Exif/DateTimeOriginal" value="2017:02:21 10:04:54"/>
          <property name="Exif/ExposureTime" value="0.05"/>
          <property name="Exif/FNumber" value="14"/>
          <property name="Exif/FocalLength" value="50"/>
          <property name="Exif/FocalPlaneXResolution" value="77.6083687690989"/>
          <property name="Exif/FocalPlaneYResolution" value="77.7680567706814"/>
          <property name="Exif/ISOSpeedRatings" value="500"/>
          <property name="Exif/Make" value="Canon"/>
          <property name="Exif/Model" value="Canon EOS 5D Mark III"/>
          <property name="Exif/Orientation" value="1"/>
          <property name="Exif/ShutterSpeedValue" value="4.375"/>
          <property name="File/ImageHeight" value="1920"/>
          <property name="File/ImageWidth" value="2880"/>
          <property name="System/FileModifyDate" value="2017:02:21 09:10:18"/>
          <property name="System/FileSize" value="611108"/>
        </meta>
      </photo>
    </camera>
    <camera camera_id="15">
      <photo path="../../../SSP_6759.jpg">
        <meta>
          <property name="Exif/ApertureValue" value="7.625"/>
          <property name="Exif/Artist" value=""/>
          <property name="Exif/DateTime" value="2017:02:21 10:04:57"/>
          <property name="Exif/DateTimeOriginal" value="2017:02:21 10:04:57"/>
          <property name="Exif/ExposureTime" value="0.05"/>
          <property name="Exif/FNumber" value="14"/>
          <property name="Exif/FocalLength" value="50"/>
          <property name="Exif/FocalPlaneXResolution" value="77.6083687690989"/>
          <property name="Exif/FocalPlaneYResolution" value="77.7680567706814"/>
          <property name="Exif/ISOSpeedRatings" value="500"/>
          <property name="Exif/Make" value="Canon"/>
          <property name="Exif/Model" value="Canon EOS 5D Mark III"/>
          <property name="Exif/Orientation" value="1"/>
          <property name="Exif/ShutterSpeedValue" value="4.375"/>
          <property name="File/ImageHeight" value="1920"/>
          <property name="File/ImageWidth" value="2880"/>
          <property name="System/FileModifyDate" value="2017:02:21 09:10:22"/>
          <property name="System/FileSize" value="617102"/>
        </meta>
      </photo>
    </camera>
    <camera camera_id="16">
      <photo path="../../../SSP_6760.jpg">
        <meta>
          <property name="Exif/ApertureValue" value="7.625"/>
          <property name="Exif/Artist" value=""/>
          <property name="Exif/DateTime" value="2017:02:21 10:05:01"/>
          <property name="Exif/DateTimeOriginal" value="2017:02:21 10:05:01"/>
          <property name="Exif/ExposureTime" value="0.05"/>
          <property name="Exif/FNumber" value="14"/>
          <property name="Exif/FocalLength" value="50"/>
          <property name="Exif/FocalPlaneXResolution" value="77.6083687690989"/>
          <property name="Exif/FocalPlaneYResolution" value="77.7680567706814"/>
          <property name="Exif/ISOSpeedRatings" value="500"/>
          <property name="Exif/Make" value="Canon"/>
          <property name="Exif/Model" value="Canon EOS 5D Mark III"/>
          <property name="Exif/Orientation" value="1"/>
          <property name="Exif/ShutterSpeedValue" value="4.375"/>
          <property name="File/ImageHeight" value="1920"/>
          <property name="File/ImageWidth" value="2880"/>
          <property name="System/FileModifyDate" value="2017:02:21 09:10:25"/>
          <property name="System/FileSize" value="590235"/>
        </meta>
      </photo>
    </camera>
    <camera camera_id="17">
      <photo path="../../../SSP_6761.jpg">
        <meta>
          <property name="Exif/ApertureValue" value="7.625"/>
          <property name="Exif/Artist" value=""/>
          <property name="Exif/DateTime" value="2017:02:21 10:05:04"/>
          <property name="Exif/DateTimeOriginal" value="2017:02:21 10:05:04"/>
          <property name="Exif/ExposureTime" value="0.05"/>
          <property name="Exif/FNumber" value="14"/>
          <property name="Exif/FocalLength" value="50"/>
          <property name="Exif/FocalPlaneXResolution" value="77.6083687690989"/>
          <property name="Exif/FocalPlaneYResolution" value="77.7680567706814"/>
          <property name="Exif/ISOSpeedRatings" value="500"/>
          <property name="Exif/Make" value="Canon"/>
          <property name="Exif/Model" value="Canon EOS 5D Mark III"/>
          <property name="Exif/Orientation" value="1"/>
          <property name="Exif/ShutterSpeedValue" value="4.375"/>
          <property name="File/ImageHeight" value="1920"/>
          <property name="File/ImageWidth" value="2880"/>
          <property name="System/FileModifyDate" value="2017:02:21 09:10:28"/>
          <property name="System/FileSize" value="544963"/>
        </meta>
      </photo>
    </camera>
    <camera camera_id="18">
      <photo path="../../../SSP_6762.jpg">
        <meta>
          <property name="Exif/ApertureValue" value="7.625"/>
          <property name="Exif/Artist" value=""/>
          <property name="Exif/DateTime" value="2017:02:21 10:05:08"/>
          <property name="Exif/DateTimeOriginal" value="2017:02:21 10:05:08"/>
          <property name="Exif/ExposureTime" value="0.05"/>
          <property name="Exif/FNumber" value="14"/>
          <property name="Exif/FocalLength" value="50"/>
          <property name="Exif/FocalPlaneXResolution" value="77.6083687690989"/>
          <property name="Exif/FocalPlaneYResolution" value="77.7680567706814"/>
          <property name="Exif/ISOSpeedRatings" value="500"/>
          <property name="Exif/Make" value="Canon"/>
          <property name="Exif/Model" value="Canon EOS 5D Mark III"/>
          <property name="Exif/Orientation" value="1"/>
          <property name="Exif/ShutterSpeedValue" value="4.375"/>
          <property name="File/ImageHeight" value="1920"/>
          <property name="File/ImageWidth" value="2880"/>
          <property name="System/FileModifyDate" value="2017:02:21 09:10:32"/>
          <property name="System/FileSize" value="516178"/>
        </meta>
      </photo>
    </camera>
    <camera camera_id="19">
      <photo path="../../../SSP_6763.jpg">
        <meta>
          <property name="Exif/ApertureValue" value="7.625"/>
          <property name="Exif/Artist" value=""/>
          <property name="Exif/DateTime" value="2017:02:21 10:05:11"/>
          <property name="Exif/DateTimeOriginal" value="2017:02:21 10:05:11"/>
          <property name="Exif/ExposureTime" value="0.05"/>
          <property name="Exif/FNumber" value="14"/>
          <property name="Exif/FocalLength" value="50"/>
          <property name="Exif/FocalPlaneXResolution" value="77.6083687690989"/>
          <property name="Exif/FocalPlaneYResolution" value="77.7680567706814"/>
          <property name="Exif/ISOSpeedRatings" value="500"/>
          <property name="Exif/Make" value="Canon"/>
          <property name="Exif/Model" value="Canon EOS 5D Mark III"/>
          <property name="Exif/Orientation" value="1"/>
          <property name="Exif/ShutterSpeedValue" value="4.375"/>
          <property name="File/ImageHeight" value="1920"/>
          <property name="File/ImageWidth" value="2880"/>
          <property name="System/FileModifyDate" value="2017:02:21 09:10:35"/>
          <property name="System/FileSize" value="513917"/>
        </meta>
      </photo>
    </camera>
    <camera camera_id="20">
      <photo path="../../../SSP_6764.jpg">
        <meta>
          <property name="Exif/ApertureValue" value="7.625"/>
          <property name="Exif/Artist" value=""/>
          <property name="Exif/DateTime" value="2017:02:21 10:05:14"/>
          <property name="Exif/DateTimeOriginal" value="2017:02:21 10:05:14"/>
          <property name="Exif/ExposureTime" value="0.05"/>
          <property name="Exif/FNumber" value="14"/>
          <property name="Exif/FocalLength" value="50"/>
          <property name="Exif/FocalPlaneXResolution" value="77.6083687690989"/>
          <property name="Exif/FocalPlaneYResolution" value="77.7680567706814"/>
          <property name="Exif/ISOSpeedRatings" value="500"/>
          <property name="Exif/Make" value="Canon"/>
          <property name="Exif/Model" value="Canon EOS 5D Mark III"/>
          <property name="Exif/Orientation" value="1"/>
          <property name="Exif/ShutterSpeedValue" value="4.375"/>
          <property name="File/ImageHeight" value="1920"/>
          <property name="File/ImageWidth" value="2880"/>
          <property name="System/FileModifyDate" value="2017:02:21 09:10:39"/>
          <property name="System/FileSize" value="524730"/>
        </meta>
      </photo>
    </camera>
    <camera camera_id="21">
      <photo path="../../../SSP_6765.jpg">
        <meta>
          <property name="Exif/ApertureValue" value="7.625"/>
          <property name="Exif/Artist" value=""/>
          <property name="Exif/DateTime" value="2017:02:21 10:05:18"/>
          <property name="Exif/DateTimeOriginal" value="2017:02:21 10:05:18"/>
          <property name="Exif/ExposureTime" value="0.05"/>
          <property name="Exif/FNumber" value="14"/>
          <property name="Exif/FocalLength" value="50"/>
          <property name="Exif/FocalPlaneXResolution" value="77.6083687690989"/>
          <property name="Exif/FocalPlaneYResolution" value="77.7680567706814"/>
          <property name="Exif/ISOSpeedRatings" value="500"/>
          <property name="Exif/Make" value="Canon"/>
          <property name="Exif/Model" value="Canon EOS 5D Mark III"/>
          <property name="Exif/Orientation" value="1"/>
          <property name="Exif/ShutterSpeedValue" value="4.375"/>
          <property name="File/ImageHeight" value="1920"/>
          <property name="File/ImageWidth" value="2880"/>
          <property name="System/FileModifyDate" value="2017:02:21 09:10:42"/>
          <property name="System/FileSize" value="525679"/>
        </meta>
      </photo>
    </camera>
    <camera camera_id="22">
      <photo path="../../../SSP_6766.jpg">
        <meta>
          <property name="Exif/ApertureValue" value="7.625"/>
          <property name="Exif/Artist" value=""/>
          <property name="Exif/DateTime" value="2017:02:21 10:05:47"/>
          <property name="Exif/DateTimeOriginal" value="2017:02:21 10:05:47"/>
          <property name="Exif/ExposureTime" value="0.05"/>
          <property name="Exif/FNumber" value="14"/>
          <property name="Exif/FocalLength" value="50"/>
          <property name="Exif/FocalPlaneXResolution" value="77.6083687690989"/>
          <property name="Exif/FocalPlaneYResolution" value="77.7680567706814"/>
          <property name="Exif/ISOSpeedRatings" value="500"/>
          <property name="Exif/Make" value="Canon"/>
          <property name="Exif/Model" value="Canon EOS 5D Mark III"/>
          <property name="Exif/Orientation" value="1"/>
          <property name="Exif/ShutterSpeedValue" value="4.375"/>
          <property name="File/ImageHeight" value="1920"/>
          <property name="File/ImageWidth" value="2880"/>
          <property name="System/FileModifyDate" value="2017:02:21 09:11:11"/>
          <property name="System/FileSize" value="478761"/>
        </meta>
      </photo>
    </camera>
    <camera camera_id="23">
      <photo path="../../../SSP_6767.jpg">
        <meta>
          <property name="Exif/ApertureValue" value="7.625"/>
          <property name="Exif/Artist" value=""/>
          <property name="Exif/DateTime" value="2017:02:21 10:05:50"/>
          <property name="Exif/DateTimeOriginal" value="2017:02:21 10:05:50"/>
          <property name="Exif/ExposureTime" value="0.05"/>
          <property name="Exif/FNumber" value="14"/>
          <property name="Exif/FocalLength" value="50"/>
          <property name="Exif/FocalPlaneXResolution" value="77.6083687690989"/>
          <property name="Exif/FocalPlaneYResolution" value="77.7680567706814"/>
          <property name="Exif/ISOSpeedRatings" value="500"/>
          <property name="Exif/Make" value="Canon"/>
          <property name="Exif/Model" value="Canon EOS 5D Mark III"/>
          <property name="Exif/Orientation" value="1"/>
          <property name="Exif/ShutterSpeedValue" value="4.375"/>
          <property name="File/ImageHeight" value="1920"/>
          <property name="File/ImageWidth" value="2880"/>
          <property name="System/FileModifyDate" value="2017:02:21 09:11:14"/>
          <property name="System/FileSize" value="473319"/>
        </meta>
      </photo>
    </camera>
    <camera camera_id="24">
      <photo path="../../../SSP_6768.jpg">
        <meta>
          <property name="Exif/ApertureValue" value="7.625"/>
          <property name="Exif/Artist" value=""/>
          <property name="Exif/DateTime" value="2017:02:21 10:05:53"/>
          <property name="Exif/DateTimeOriginal" value="2017:02:21 10:05:53"/>
          <property name="Exif/ExposureTime" value="0.05"/>
          <property name="Exif/FNumber" value="14"/>
          <property name="Exif/FocalLength" value="50"/>
          <property name="Exif/FocalPlaneXResolution" value="77.6083687690989"/>
          <property name="Exif/FocalPlaneYResolution" value="77.7680567706814"/>
          <property name="Exif/ISOSpeedRatings" value="500"/>
          <property name="Exif/Make" value="Canon"/>
          <property name="Exif/Model" value="Canon EOS 5D Mark III"/>
          <property name="Exif/Orientation" value="1"/>
          <property name="Exif/ShutterSpeedValue" value="4.375"/>
          <property name="File/ImageHeight" value="1920"/>
          <property name="File/ImageWidth" value="2880"/>
          <property name="System/FileModifyDate" value="2017:02:21 09:11:17"/>
          <property name="System/FileSize" value="479850"/>
        </meta>
      </photo>
    </camera>
    <camera camera_id="25">
      <photo path="../../../SSP_6769.jpg">
        <meta>
          <property name="Exif/ApertureValue" value="7.625"/>
          <property name="Exif/Artist" value=""/>
          <property name="Exif/DateTime" value="2017:02:21 10:05:56"/>
          <property name="Exif/DateTimeOriginal" value="2017:02:21 10:05:56"/>
          <property name="Exif/ExposureTime" value="0.05"/>
          <property name="Exif/FNumber" value="14"/>
          <property name="Exif/FocalLength" value="50"/>
          <property name="Exif/FocalPlaneXResolution" value="77.6083687690989"/>
          <property name="Exif/FocalPlaneYResolution" value="77.7680567706814"/>
          <property name="Exif/ISOSpeedRatings" value="500"/>
          <property name="Exif/Make" value="Canon"/>
          <property name="Exif/Model" value="Canon EOS 5D Mark III"/>
          <property name="Exif/Orientation" value="1"/>
          <property name="Exif/ShutterSpeedValue" value="4.375"/>
          <property name="File/ImageHeight" value="1920"/>
          <property name="File/ImageWidth" value="2880"/>
          <property name="System/FileModifyDate" value="2017:02:21 09:11:21"/>
          <property name="System/FileSize" value="498226"/>
        </meta>
      </photo>
    </camera>
    <camera camera_id="26">
      <photo path="../../../SSP_6770.jpg">
        <meta>
          <property name="Exif/ApertureValue" value="7.625"/>
          <property name="Exif/Artist" value=""/>
          <property name="Exif/DateTime" value="2017:02:21 10:06:00"/>
          <property name="Exif/DateTimeOriginal" value="2017:02:21 10:06:00"/>
          <property name="Exif/ExposureTime" value="0.05"/>
          <property name="Exif/FNumber" value="14"/>
          <property name="Exif/FocalLength" value="50"/>
          <property name="Exif/FocalPlaneXResolution" value="77.6083687690989"/>
          <property name="Exif/FocalPlaneYResolution" value="77.7680567706814"/>
          <property name="Exif/ISOSpeedRatings" value="500"/>
          <property name="Exif/Make" value="Canon"/>
          <property name="Exif/Model" value="Canon EOS 5D Mark III"/>
          <property name="Exif/Orientation" value="1"/>
          <property name="Exif/ShutterSpeedValue" value="4.375"/>
          <property name="File/ImageHeight" value="1920"/>
          <property name="File/ImageWidth" value="2880"/>
          <property name="System/FileModifyDate" value="2017:02:21 09:11:24"/>
          <property name="System/FileSize" value="534757"/>
        </meta>
      </photo>
    </camera>
    <camera camera_id="27">
      <photo path="../../../SSP_6771.jpg">
        <meta>
          <property name="Exif/ApertureValue" value="7.625"/>
          <property name="Exif/Artist" value=""/>
          <property name="Exif/DateTime" value="2017:02:21 10:06:03"/>
          <property name="Exif/DateTimeOriginal" value="2017:02:21 10:06:03"/>
          <property name="Exif/ExposureTime" value="0.05"/>
          <property name="Exif/FNumber" value="14"/>
          <property name="Exif/FocalLength" value="50"/>
          <property name="Exif/FocalPlaneXResolution" value="77.6083687690989"/>
          <property name="Exif/FocalPlaneYResolution" value="77.7680567706814"/>
          <property name="Exif/ISOSpeedRatings" value="500"/>
          <property name="Exif/Make" value="Canon"/>
          <property name="Exif/Model" value="Canon EOS 5D Mark III"/>
          <property name="Exif/Orientation" value="1"/>
          <property name="Exif/ShutterSpeedValue" value="4.375"/>
          <property name="File/ImageHeight" value="1920"/>
          <property name="File/ImageWidth" value="2880"/>
          <property name="System/FileModifyDate" value="2017:02:21 09:11:27"/>
          <property name="System/FileSize" value="566556"/>
        </meta>
      </photo>
    </camera>
    <camera camera_id="28">
      <photo path="../../../SSP_6772.jpg">
        <meta>
          <property name="Exif/ApertureValue" value="7.625"/>
          <property name="Exif/Artist" value=""/>
          <property name="Exif/DateTime" value="2017:02:21 10:06:07"/>
          <property name="Exif/DateTimeOriginal" value="2017:02:21 10:06:07"/>
          <property name="Exif/ExposureTime" value="0.05"/>
          <property name="Exif/FNumber" value="14"/>
          <property name="Exif/FocalLength" value="50"/>
          <property name="Exif/FocalPlaneXResolution" value="77.6083687690989"/>
          <property name="Exif/FocalPlaneYResolution" value="77.7680567706814"/>
          <property name="Exif/ISOSpeedRatings" value="500"/>
          <property name="Exif/Make" value="Canon"/>
          <property name="Exif/Model" value="Canon EOS 5D Mark III"/>
          <property name="Exif/Orientation" value="1"/>
          <property name="Exif/ShutterSpeedValue" value="4.375"/>
          <property name="File/ImageHeight" value="1920"/>
          <property name="File/ImageWidth" value="2880"/>
          <property name="System/FileModifyDate" value="2017:02:21 09:11:31"/>
          <property name="System/FileSize" value="558289"/>
        </meta>
      </photo>
    </camera>
    <camera camera_id="29">
      <photo path="../../../SSP_6773.jpg">
        <meta>
          <property name="Exif/ApertureValue" value="7.625"/>
          <property name="Exif/Artist" value=""/>
          <property name="Exif/DateTime" value="2017:02:21 10:06:10"/>
          <property name="Exif/DateTimeOriginal" value="2017:02:21 10:06:10"/>
          <property name="Exif/ExposureTime" value="0.05"/>
          <property name="Exif/FNumber" value="14"/>
          <property name="Exif/FocalLength" value="50"/>
          <property name="Exif/FocalPlaneXResolution" value="77.6083687690989"/>
          <property name="Exif/FocalPlaneYResolution" value="77.7680567706814"/>
          <property name="Exif/ISOSpeedRatings" value="500"/>
          <property name="Exif/Make" value="Canon"/>
          <property name="Exif/Model" value="Canon EOS 5D Mark III"/>
          <property name="Exif/Orientation" value="1"/>
          <property name="Exif/ShutterSpeedValue" value="4.375"/>
          <property name="File/ImageHeight" value="1920"/>
          <property name="File/ImageWidth" value="2880"/>
          <property name="System/FileModifyDate" value="2017:02:21 09:11:34"/>
          <property name="System/FileSize" value="526056"/>
        </meta>
      </photo>
    </camera>
    <camera camera_id="30">
      <photo path="../../../SSP_6774.jpg">
        <meta>
          <property name="Exif/ApertureValue" value="7.625"/>
          <property name="Exif/Artist" value=""/>
          <property name="Exif/DateTime" value="2017:02:21 10:06:13"/>
          <property name="Exif/DateTimeOriginal" value="2017:02:21 10:06:13"/>
          <property name="Exif/ExposureTime" value="0.05"/>
          <property name="Exif/FNumber" value="14"/>
          <property name="Exif/FocalLength" value="50"/>
          <property name="Exif/FocalPlaneXResolution" value="77.6083687690989"/>
          <property name="Exif/FocalPlaneYResolution" value="77.7680567706814"/>
          <property name="Exif/ISOSpeedRatings" value="500"/>
          <property name="Exif/Make" value="Canon"/>
          <property name="Exif/Model" value="Canon EOS 5D Mark III"/>
          <property name="Exif/Orientation" value="1"/>
          <property name="Exif/ShutterSpeedValue" value="4.375"/>
          <property name="File/ImageHeight" value="1920"/>
          <property name="File/ImageWidth" value="2880"/>
          <property name="System/FileModifyDate" value="2017:02:21 09:11:38"/>
          <property name="System/FileSize" value="476830"/>
        </meta>
      </photo>
    </camera>
    <camera camera_id="31">
      <photo path="../../../SSP_6775.jpg">
        <meta>
          <property name="Exif/ApertureValue" value="7.625"/>
          <property name="Exif/Artist" value=""/>
          <property name="Exif/DateTime" value="2017:02:21 10:06:17"/>
          <property name="Exif/DateTimeOriginal" value="2017:02:21 10:06:17"/>
          <property name="Exif/ExposureTime" value="0.05"/>
          <property name="Exif/FNumber" value="14"/>
          <property name="Exif/FocalLength" value="50"/>
          <property name="Exif/FocalPlaneXResolution" value="77.6083687690989"/>
          <property name="Exif/FocalPlaneYResolution" value="77.7680567706814"/>
          <property name="Exif/ISOSpeedRatings" value="500"/>
          <property name="Exif/Make" value="Canon"/>
          <property name="Exif/Model" value="Canon EOS 5D Mark III"/>
          <property name="Exif/Orientation" value="1"/>
          <property name="Exif/ShutterSpeedValue" value="4.375"/>
          <property name="File/ImageHeight" value="1920"/>
          <property name="File/ImageWidth" value="2880"/>
          <property name="System/FileModifyDate" value="2017:02:21 09:11:41"/>
          <property name="System/FileSize" value="449637"/>
        </meta>
      </photo>
    </camera>
    <camera camera_id="32">
      <photo path="../../../SSP_6776.jpg">
        <meta>
          <property name="Exif/ApertureValue" value="7.625"/>
          <property name="Exif/Artist" value=""/>
          <property name="Exif/DateTime" value="2017:02:21 10:06:20"/>
          <property name="Exif/DateTimeOriginal" value="2017:02:21 10:06:20"/>
          <property name="Exif/ExposureTime" value="0.05"/>
          <property name="Exif/FNumber" value="14"/>
          <property name="Exif/FocalLength" value="50"/>
          <property name="Exif/FocalPlaneXResolution" value="77.6083687690989"/>
          <property name="Exif/FocalPlaneYResolution" value="77.7680567706814"/>
          <property name="Exif/ISOSpeedRatings" value="500"/>
          <property name="Exif/Make" value="Canon"/>
          <property name="Exif/Model" value="Canon EOS 5D Mark III"/>
          <property name="Exif/Orientation" value="1"/>
          <property name="Exif/ShutterSpeedValue" value="4.375"/>
          <property name="File/ImageHeight" value="1920"/>
          <property name="File/ImageWidth" value="2880"/>
          <property name="System/FileModifyDate" value="2017:02:21 09:11:44"/>
          <property name="System/FileSize" value="463155"/>
        </meta>
      </photo>
    </camera>
    <camera camera_id="33">
      <photo path="../../../SSP_6777.jpg">
        <meta>
          <property name="Exif/ApertureValue" value="7.625"/>
          <property name="Exif/Artist" value=""/>
          <property name="Exif/DateTime" value="2017:02:21 10:06:24"/>
          <property name="Exif/DateTimeOriginal" value="2017:02:21 10:06:24"/>
          <property name="Exif/ExposureTime" value="0.05"/>
          <property name="Exif/FNumber" value="14"/>
          <property name="Exif/FocalLength" value="50"/>
          <property name="Exif/FocalPlaneXResolution" value="77.6083687690989"/>
          <property name="Exif/FocalPlaneYResolution" value="77.7680567706814"/>
          <property name="Exif/ISOSpeedRatings" value="500"/>
          <property name="Exif/Make" value="Canon"/>
          <property name="Exif/Model" value="Canon EOS 5D Mark III"/>
          <property name="Exif/Orientation" value="1"/>
          <property name="Exif/ShutterSpeedValue" value="4.375"/>
          <property name="File/ImageHeight" value="1920"/>
          <property name="File/ImageWidth" value="2880"/>
          <property name="System/FileModifyDate" value="2017:02:21 09:11:48"/>
          <property name="System/FileSize" value="477594"/>
        </meta>
      </photo>
    </camera>
    <camera camera_id="34">
      <photo path="../../../SSP_6778.jpg">
        <meta>
          <property name="Exif/ApertureValue" value="7.625"/>
          <property name="Exif/Artist" value=""/>
          <property name="Exif/DateTime" value="2017:02:21 10:06:27"/>
          <property name="Exif/DateTimeOriginal" value="2017:02:21 10:06:27"/>
          <property name="Exif/ExposureTime" value="0.05"/>
          <property name="Exif/FNumber" value="14"/>
          <property name="Exif/FocalLength" value="50"/>
          <property name="Exif/FocalPlaneXResolution" value="77.6083687690989"/>
          <property name="Exif/FocalPlaneYResolution" value="77.7680567706814"/>
          <property name="Exif/ISOSpeedRatings" value="500"/>
          <property name="Exif/Make" value="Canon"/>
          <property name="Exif/Model" value="Canon EOS 5D Mark III"/>
          <property name="Exif/Orientation" value="1"/>
          <property name="Exif/ShutterSpeedValue" value="4.375"/>
          <property name="File/ImageHeight" value="1920"/>
          <property name="File/ImageWidth" value="2880"/>
          <property name="System/FileModifyDate" value="2017:02:21 09:11:51"/>
          <property name="System/FileSize" value="480505"/>
        </meta>
      </photo>
    </camera>
  </cameras>
  <masks path="masks/masks.zip"/>
  <thumbnails path="thumbnails/thumbnails.zip"/>
  <point_cloud path="point_cloud/point_cloud.zip"/>
  <dense_cloud path="dense_cloud/dense_cloud.zip"/>
  <model path="model/model.zip"/>
</frame>
