<?xml version="1.0" encoding="UTF-8"?>
<point_cloud version="1.2.0">
  <params>
    <dataType>uint8</dataType>
    <bands>
      <band label="Red"/>
      <band label="Green"/>
      <band label="Blue"/>
    </bands>
  </params>
  <tracks path="tracks.ply" count="3750"/>
  <points path="points.ply" count="3336"/>
  <projections camera_id="0" path="p0.ply" count="392"/>
  <projections camera_id="1" path="p1.ply" count="387"/>
  <projections camera_id="2" path="p2.ply" count="165"/>
  <projections camera_id="3" path="p3.ply" count="286"/>
  <projections camera_id="4" path="p4.ply" count="26"/>
  <projections camera_id="5" path="p5.ply" count="58"/>
  <projections camera_id="6" path="p6.ply" count="61"/>
  <projections camera_id="7" path="p7.ply" count="200"/>
  <projections camera_id="8" path="p8.ply" count="103"/>
  <projections camera_id="9" path="p9.ply" count="242"/>
  <projections camera_id="10" path="p10.ply" count="90"/>
  <projections camera_id="11" path="p11.ply" count="190"/>
  <projections camera_id="12" path="p12.ply" count="54"/>
  <projections camera_id="13" path="p13.ply" count="96"/>
  <projections camera_id="14" path="p14.ply" count="209"/>
  <projections camera_id="15" path="p15.ply" count="252"/>
  <projections camera_id="16" path="p16.ply" count="299"/>
  <projections camera_id="17" path="p17.ply" count="357"/>
  <projections camera_id="18" path="p18.ply" count="309"/>
  <projections camera_id="19" path="p19.ply" count="328"/>
  <projections camera_id="20" path="p20.ply" count="258"/>
  <projections camera_id="21" path="p21.ply" count="250"/>
  <projections camera_id="22" path="p22.ply" count="283"/>
  <projections camera_id="23" path="p23.ply" count="373"/>
  <projections camera_id="24" path="p24.ply" count="351"/>
  <projections camera_id="25" path="p25.ply" count="285"/>
  <projections camera_id="26" path="p26.ply" count="237"/>
  <projections camera_id="27" path="p27.ply" count="322"/>
  <projections camera_id="28" path="p28.ply" count="352"/>
  <projections camera_id="29" path="p29.ply" count="315"/>
  <projections camera_id="30" path="p30.ply" count="361"/>
  <projections camera_id="31" path="p31.ply" count="405"/>
  <projections camera_id="32" path="p32.ply" count="437"/>
  <projections camera_id="33" path="p33.ply" count="402"/>
  <projections camera_id="34" path="p34.ply" count="398"/>
  <projections camera_id="35" path="p35.ply" count="400"/>
  <projections camera_id="36" path="p36.ply" count="438"/>
  <projections camera_id="37" path="p37.ply" count="388"/>
  <projections camera_id="38" path="p38.ply" count="469"/>
  <meta>
    <property name="match/duration" value="71.633"/>
    <property name="match/match_downscale" value="1"/>
    <property name="match/match_point_limit" value="4000"/>
    <property name="match/match_preselection_generic" value="true"/>
    <property name="match/match_tiepoint_limit" value="400"/>
  </meta>
</point_cloud>
