<?xml version="1.0" encoding="UTF-8"?>
<thumbnails version="1.2.0">
  <thumbnail camera_id="12" path="c12.jpg"/>
  <thumbnail camera_id="13" path="c13.jpg"/>
  <thumbnail camera_id="14" path="c14.jpg"/>
  <thumbnail camera_id="15" path="c15.jpg"/>
  <thumbnail camera_id="16" path="c16.jpg"/>
  <thumbnail camera_id="17" path="c17.jpg"/>
  <thumbnail camera_id="18" path="c18.jpg"/>
  <thumbnail camera_id="19" path="c19.jpg"/>
  <thumbnail camera_id="20" path="c20.jpg"/>
  <thumbnail camera_id="21" path="c21.jpg"/>
  <thumbnail camera_id="22" path="c22.jpg"/>
  <thumbnail camera_id="23" path="c23.jpg"/>
</thumbnails>
