<?xml version="1.0" encoding="UTF-8"?>
<model version="1.2.0">
  <mesh path="mesh.ply">
    <faceCount>20000</faceCount>
    <vertexCount>10142</vertexCount>
    <hasVertexColors>true</hasVertexColors>
    <hasUV>false</hasUV>
  </mesh>
  <meta>
    <property name="model/depth_downscale" value="4"/>
    <property name="model/depth_filter_mode" value="1"/>
    <property name="model/duration" value="16.42"/>
    <property name="model/mesh_face_count" value="20000"/>
    <property name="model/mesh_interpolation" value="1"/>
    <property name="model/mesh_object_type" value="0"/>
    <property name="model/mesh_source_data" value="1"/>
    <property name="model/resolution" value="0.011454107785737"/>
  </meta>
</model>
